client_id,class_date,class_name,class_instructor
39,2022-10-31 19:15:00,Pole L1.5 (Beg/Int),Yoko (@yokotaketani929)
15,2022-10-31 18:0:00,Pole L3 (Int),Yoko (@yokotaketani929)
98,2022-10-31 16:45:00,Heels Choreography (Int/Adv),Yoko (@yokotaketani929)
25,2022-10-30 13:45:00,Pole Foundations (Intro),Marguerite Bueno
79,2022-10-30 12:30:00,Active Flexibility (All Levels),Marguerite Bueno
48,2022-10-30 11:15:00,Heels Choreography (Beg/Int),Alexis Whitaker (@alexis_spins)
62,2022-10-30 10:0:00,Pole L2 (Beg/Int),Alexis Whitaker (@alexis_spins)
63,2022-10-29 15:0:00,ðŸ‘» Experimental Gremlins + Ghouls with Celia,Celia Ford (@celiadoespole)
9,2022-10-29 13:45:00,Pole Foundations (Intro),Sahra Aalaei (@happy__sahra)
64,2022-10-29 12:30:00,Pole L2 (Beg/Int),Fifi Bamboo (@fifibamboo)
15,2022-10-29 11:15:00,Heels Choreography (Beg/Int),Fifi Bamboo (@fifibamboo)
86,2022-10-29 10:0:00,*Limited Time* Active Flex: Splits,Fifi Bamboo (@fifibamboo)
99,2022-10-28 19:0:00,ðŸ‘»ðŸ˜‰ BOO-bs out! with Sahra (All Levels) [shared],Sahra Aalaei (@happy__sahra)
67,2022-10-28 17:0:00,Pole Foundations (Intro),Luiza Silva
24,2022-10-28 12:0:00,Pole Foundations (Intro),Cela (@cela.stial)
40,2022-10-27 19:15:00,Pole Foundations (Intro),Miyuki @miyukibee
21,2022-10-27 18:0:00,Pole L2 (Beg/Int),Sahra Aalaei (@happy__sahra)
83,2022-10-27 16:45:00,*Limited Time!* Pole L1.5 (Beg/Int),Sahra Aalaei (@happy__sahra)
37,2022-10-26 19:15:00,Pole Foundations (Intro),Kat Brousseau (@_katplay)
89,2022-10-26 18:0:00,Pole L3 (Int),Celia Ford (@celiadoespole)
7,2022-10-26 16:45:00,Pole Inversions Conditioning (All Levels),Celia Ford (@celiadoespole)
13,2022-10-25 19:15:00,Pole Foundations (Intro),Ivy Hawk (@ivy_hawk)
23,2022-10-25 18:0:00,Heels Choreography (Beg/Int),Autumn (@sexy.angsty.flow)
96,2022-10-25 16:45:00,Pole L2 (Beg/Int),Celia Ford (@celiadoespole)
87,2022-10-24 20:30:00,ðŸ° Haunted Haus Foundations with Miyuki (Intro),Miyuki @miyukibee
57,2022-10-24 19:15:00,Pole L1.5 (Beg/Int),Maggie Morgan
69,2022-10-24 18:0:00,Pole L3 (Int),Yoko (@yokotaketani929)
65,2022-10-24 16:45:00,Heels Choreography (Int/Adv),Yoko (@yokotaketani929)
48,2022-10-23 13:45:00,Pole Foundations (Intro),Ashley Frey
98,2022-10-23 12:30:00,Active Flexibility (All Levels),Shiki Wang (@flexiflowy)
57,2022-10-23 11:15:00,Heels Choreography (Beg/Int),Alexis Whitaker (@alexis_spins)
66,2022-10-23 10:0:00,Pole L2 (Beg/Int),Alexis Whitaker (@alexis_spins)
65,2022-10-22 13:45:00,Pole Foundations (Intro),Sahra Aalaei (@happy__sahra)
5,2022-10-22 12:30:00,Pole L2 (Beg/Int),Fifi Bamboo (@fifibamboo)
51,2022-10-22 11:15:00,Heels Choreography (Beg/Int),Fifi Bamboo (@fifibamboo)
9,2022-10-22 10:0:00,*Limited Time* Active Flex: Splits,Fifi Bamboo (@fifibamboo)
23,2022-10-21 18:15:00,Hard Heels Style Tricks (L2+) [shared] with Amy B,Amy Bond (@amysunshine007)
9,2022-10-21 17:0:00,Pole Foundations (Intro),Luiza Silva
68,2022-10-21 12:0:00,Pole Foundations (Intro),Cela (@cela.stial)
3,2022-10-20 19:15:00,Pole Foundations (Intro),Miyuki @miyukibee
37,2022-10-20 18:0:00,Pole L2 (Beg/Int),Sahra Aalaei (@happy__sahra)
49,2022-10-20 16:45:00,*Limited Time!* Pole L1.5 (Beg/Int),Sahra Aalaei (@happy__sahra)
60,2022-10-19 19:15:00,Pole Foundations (Intro),Kat Brousseau (@_katplay)
48,2022-10-19 18:0:00,Pole L3 (Int),Celia Ford (@celiadoespole)
54,2022-10-19 16:45:00,Pole Inversions Conditioning (All Levels),Celia Ford (@celiadoespole)
51,2022-10-18 19:15:00,Pole Foundations (Intro),Miyuki @miyukibee
23,2022-10-18 18:0:00,Heels Choreography (Beg/Int),Autumn (@sexy.angsty.flow)
53,2022-10-18 16:45:00,Pole L2 (Beg/Int),Celia Ford (@celiadoespole)
59,2022-10-17 19:15:00,Pole L1.5 (Beg/Int),Maggie Morgan
69,2022-10-17 18:0:00,Pole L3 (Int),Yoko (@yokotaketani929)
47,2022-10-17 16:45:00,Heels Choreography (Int/Adv),Yoko (@yokotaketani929)
70,2022-10-16 13:45:00,Pole Foundations (Intro),Marguerite Bueno
66,2022-10-16 12:30:00,Active Flexibility (All Levels),Marguerite Bueno
94,2022-10-16 11:15:00,Heels Choreography (Beg/Int),Alexis Whitaker (@alexis_spins)
77,2022-10-16 10:0:00,Pole L2 (Beg/Int),Alexis Whitaker (@alexis_spins)
72,2022-10-15 13:45:00,Pole Foundations (Intro),Sahra Aalaei (@happy__sahra)
18,2022-10-15 12:30:00,Pole L2 (Beg/Int),Fifi Bamboo (@fifibamboo)
66,2022-10-15 11:15:00,Heels Choreography (Beg/Int),Fifi Bamboo (@fifibamboo)
77,2022-10-15 10:0:00,*Limited Time* Active Flex: Splits,Fifi Bamboo (@fifibamboo)
54,2022-10-14 17:0:00,Pole Foundations (Intro),Luiza Silva
49,2022-10-14 12:0:00,Pole Foundations (Intro),Sahra Aalaei (@happy__sahra)
6,2022-10-13 19:15:00,Pole Foundations (Intro),Miyuki @miyukibee
85,2022-10-13 18:0:00,Pole L2 (Beg/Int),Sahra Aalaei (@happy__sahra)
96,2022-10-13 16:45:00,*Limited Time!* Pole L1.5 (Beg/Int),Sahra Aalaei (@happy__sahra)
72,2022-10-13 15:30:00,POLE SPACE - Open Studio,Pole + Dance Studios
67,2022-10-12 19:15:00,Pole Foundations (Intro),Ashley Frey
74,2022-10-12 18:0:00,Pole L3 (Int),Celia Ford (@celiadoespole)
98,2022-10-12 16:45:00,Pole Inversions Conditioning (All Levels),Celia Ford (@celiadoespole)
82,2022-10-12 15:30:00,POLE SPACE - Open Studio,Pole + Dance Studios
84,2022-10-11 19:15:00,Pole Foundations (Intro),Ivy Hawk (@ivy_hawk)
9,2022-10-11 18:0:00,Heels Choreography (Beg/Int),Autumn (@sexy.angsty.flow)
21,2022-10-11 16:45:00,Pole L2 (Beg/Int),Celia Ford (@celiadoespole)
54,2022-10-11 15:30:00,POLE SPACE - Open Studio,Pole + Dance Studios
62,2022-10-10 19:15:00,Pole L1.5 (Beg/Int),Maggie Morgan
87,2022-10-10 18:0:00,Pole L3 (Int),Celia Ford (@celiadoespole)
32,2022-10-10 16:45:00,Heels Choreography (Int/Adv),Keeva Shae (@keevashae)
22,2022-10-10 15:30:00,POLE SPACE - Open Studio,Pole + Dance Studios
11,2022-10-09 15:0:00,Handstands + Inversions with Elizabeth [shared],Elizabeth Blanchard
12,2022-10-09 13:45:00,Spin Pole Combos with Elizabeth [shared],Elizabeth Blanchard
34,2022-10-09 12:30:00,Pole Tricks Clinic (L2+) with Elizabeth [shared],Elizabeth Blanchard
81,2022-10-09 11:15:00,Pole Handspring Clinic (L2+) w/ Elizabeth [shared],Elizabeth Blanchard
50,2022-10-09 10:0:00,Pole L4 (Int/Adv) with Elizabeth [shared],Elizabeth Blanchard
36,2022-10-08 13:45:00,Pole Foundations (Intro),Sahra Aalaei (@happy__sahra)
45,2022-10-08 12:30:00,Pole L2 (Beg/Int),Fifi Bamboo (@fifibamboo)
80,2022-10-08 11:15:00,Heels Choreography (Beg/Int),Fifi Bamboo (@fifibamboo)
1,2022-10-08 10:0:00,*Limited Time* Active Flex: Splits,Fifi Bamboo (@fifibamboo)
44,2022-10-07 18:15:00,Shoulder Balancing + Rolls with Fifi (All Levels),Fifi Bamboo (@fifibamboo)
2,2022-10-07 17:0:00,Pole Foundations (Intro),Luiza Silva
65,2022-10-07 12:0:00,Pole Foundations (Intro),Cela (@cela.stial)
25,2022-10-06 18:0:00,Pole L2 (Beg/Int),Sahra Aalaei (@happy__sahra)
5,2022-10-06 16:45:00,*Limited Time!* Pole L1.5 (Beg/Int),Sahra Aalaei (@happy__sahra)
87,2022-10-06 15:30:00,POLE SPACE - Open Studio,Pole + Dance Studios
59,2022-10-05 19:15:00,Pole Foundations (Intro),Kat Brousseau (@_katplay)
10,2022-10-05 18:0:00,Pole L3 (Int),Celia Ford (@celiadoespole)
68,2022-10-05 16:45:00,Pole Inversions Conditioning (All Levels),Celia Ford (@celiadoespole)
23,2022-10-05 15:30:00,POLE SPACE - Open Studio,Pole + Dance Studios
60,2022-10-04 19:15:00,Pole Foundations (Intro),Ivy Hawk (@ivy_hawk)
45,2022-10-04 18:0:00,Heels Choreography (Beg/Int),Autumn (@sexy.angsty.flow)
83,2022-10-04 16:45:00,Pole L2 (Beg/Int),Celia Ford (@celiadoespole)
12,2022-10-04 15:30:00,POLE SPACE - Open Studio,Pole + Dance Studios
6,2022-10-03 19:15:00,Pole L1.5 (Beg/Int),Maggie Morgan
35,2022-10-03 18:0:00,Pole L3 (Int),Remi (@velveetaqueen)
73,2022-10-03 16:45:00,POLE SPACE - Open Studio,Pole + Dance Studios
92,2022-10-02 13:45:00,Pole Foundations (Intro),Marguerite Bueno
63,2022-10-02 12:30:00,Active Flexibility (All Levels),Marguerite Bueno
57,2022-10-02 11:15:00,Heels Choreography (Beg/Int),Alexis Whitaker (@alexis_spins)
75,2022-10-02 10:0:00,Pole L2 (Beg/Int),Alexis Whitaker (@alexis_spins)
66,2022-10-01 13:45:00,Pole Foundations (Intro),Crystal Cheung
15,2022-10-01 12:30:00,Pole L2 (Beg/Int),Fifi Bamboo (@fifibamboo)
8,2022-10-01 11:15:00,Heels Choreography (Beg/Int),Fifi Bamboo (@fifibamboo)
71,2022-10-01 10:0:00,*Limited Time* Active Flex: Splits,Fifi Bamboo (@fifibamboo)
24,2022-09-30 19:15:00,Let's get wavy baby w/ Fifi (All Levels) [shared],Fifi Bamboo (@fifibamboo)
59,2022-09-30 17:0:00,Pole Foundations (Intro),Luiza Silva
67,2022-09-30 12:0:00,Pole Foundations (Intro),Cela (@cela.stial)
35,2022-09-29 18:0:00,Pole L2 (Beg/Int),Sahra Aalaei (@happy__sahra)
59,2022-09-29 16:45:00,*Limited Time!* Pole L1.5 (Beg/Int),Sahra Aalaei (@happy__sahra)
79,2022-09-29 15:30:00,POLE SPACE - Open Studio,Pole + Dance Studios
79,2022-09-28 19:15:00,Pole Foundations (Intro),Kat Brousseau (@_katplay)
83,2022-09-28 18:0:00,Pole L3 (Int),Celia Ford (@celiadoespole)
46,2022-09-28 16:45:00,Pole Inversions Conditioning (All Levels),Celia Ford (@celiadoespole)
86,2022-09-28 15:30:00,POLE SPACE - Open Studio,Pole + Dance Studios
87,2022-09-27 19:15:00,Pole Foundations (Intro),Ivy Hawk (@ivy_hawk)
97,2022-09-27 18:0:00,Heels Choreography (Beg/Int),Autumn (@sexy.angsty.flow)
51,2022-09-27 16:45:00,Pole L2 (Beg/Int),Celia Ford (@celiadoespole)
76,2022-09-27 15:30:00,POLE SPACE - Open Studio,Pole + Dance Studios
32,2022-09-26 19:15:00,Pole Foundations (Intro),Maggie Morgan
61,2022-09-26 18:0:00,Pole L3 (Int),Yoko (@yokotaketani929)
63,2022-09-26 16:45:00,Heels Choreography (Int/Adv),Yoko (@yokotaketani929)
46,2022-09-26 15:30:00,POLE SPACE - Open Studio,Pole + Dance Studios
92,2022-09-25 13:45:00,Pole Foundations (Intro),Marguerite Bueno
90,2022-09-25 12:30:00,Active Flexibility (All Levels),Marguerite Bueno
53,2022-09-25 11:15:00,Heels Choreography (Beg/Int),Alexis Whitaker (@alexis_spins)
44,2022-09-25 10:0:00,Pole L2 (Beg/Int),Alexis Whitaker (@alexis_spins)
78,2022-09-24 13:45:00,Pole Foundations (Intro),Amelia (@how_polite)
86,2022-09-24 12:30:00,Pole L2 (Beg/Int),Fifi Bamboo (@fifibamboo)
34,2022-09-24 11:15:00,Heels Choreography (Beg/Int),Fifi Bamboo (@fifibamboo)
5,2022-09-23 17:0:00,Pole Foundations (Intro),Luiza Silva
68,2022-09-23 12:0:00,Pole Foundations (Intro),Cela (@cela.stial)
79,2022-09-22 19:15:00,*Pop-Up!* Pole Foundations (Intro),Miyuki @miyukibee
24,2022-09-22 18:0:00,Pole L2 (Beg/Int),Sahra Aalaei (@happy__sahra)
64,2022-09-22 16:45:00,*Limited Time!* Pole L1.5 (Beg/Int),Sahra Aalaei (@happy__sahra)
33,2022-09-22 15:30:00,POLE SPACE - Open Studio,Pole + Dance Studios
55,2022-09-21 19:15:00,Pole Foundations (Intro),Kat Brousseau (@_katplay)
26,2022-09-21 18:0:00,Pole L3 (Int),Celia Ford (@celiadoespole)
44,2022-09-21 16:45:00,Pole Inversions Conditioning (All Levels),Celia Ford (@celiadoespole)
37,2022-09-21 15:30:00,POLE SPACE - Open Studio,Pole + Dance Studios
66,2022-09-20 19:15:00,Pole Foundations (Intro),Ivy Hawk (@ivy_hawk)
3,2022-09-20 18:0:00,Heels Choreography (Beg/Int),Autumn (@sexy.angsty.flow)
85,2022-09-20 16:45:00,Pole L2 (Beg/Int),Celia Ford (@celiadoespole)
48,2022-09-20 15:30:00,POLE SPACE - Open Studio,Pole + Dance Studios
46,2022-09-19 19:15:00,Pole Foundations (Intro),Maggie Morgan
40,2022-09-19 18:0:00,Pole L3 (Int),Yoko (@yokotaketani929)
58,2022-09-19 16:45:00,Heels Choreography (Int/Adv),Yoko (@yokotaketani929)
95,2022-09-19 15:30:00,POLE SPACE - Open Studio,Pole + Dance Studios
33,2022-09-18 15:0:00,Spin Pole Combos with Elizabeth,Elizabeth Blanchard
30,2022-09-18 13:45:00,Handstands + Inversions with Elizabeth,Elizabeth Blanchard
26,2022-09-18 12:30:00,Pole Tricks Clinic (L2+) with Elizabeth,Elizabeth Blanchard
82,2022-09-18 11:15:00,Pole Handspring Clinic (L2+) with Elizabeth,Elizabeth Blanchard
10,2022-09-18 10:0:00,Pole L4 (Int/Adv) with Elizabeth,Elizabeth Blanchard
15,2022-09-17 13:45:00,Pole Foundations (Intro),Sahra Aalaei (@happy__sahra)
20,2022-09-17 12:30:00,Pole L2 (Beg/Int),Fifi Bamboo (@fifibamboo)
88,2022-09-17 11:15:00,Heels Choreography (Beg/Int),Fifi Bamboo (@fifibamboo)
25,2022-09-17 10:0:00,*Limited Time!* Pole L1.5 (Beg/Int),Fifi Bamboo (@fifibamboo)
21,2022-09-16 18:15:00,Gooey Transitions (All Levels) with Celia,Celia Ford (@celiadoespole)
61,2022-09-16 17:0:00,Pole Foundations (Intro),Luiza Silva
8,2022-09-16 12:0:00,Pole Foundations (Intro),Cela (@cela.stial)
50,2022-09-15 18:0:00,Pole L2 (Beg/Int),Sahra Aalaei (@happy__sahra)
53,2022-09-15 16:45:00,*Limited Time!* Pole L1.5 (Beg/Int),Sahra Aalaei (@happy__sahra)
56,2022-09-15 15:30:00,POLE SPACE - Open Studio,Pole + Dance Studios
15,2022-09-14 19:15:00,Pole Foundations (Intro),Kat Brousseau (@_katplay)
88,2022-09-14 18:0:00,Pole L3 (Int),Celia Ford (@celiadoespole)
13,2022-09-14 16:45:00,Pole Inversions Conditioning (All Levels),Celia Ford (@celiadoespole)
68,2022-09-14 15:30:00,POLE SPACE - Open Studio,Pole + Dance Studios
6,2022-09-13 19:15:00,Pole Foundations (Intro),Miyuki @miyukibee
64,2022-09-13 18:0:00,Heels Choreography (Beg/Int),Autumn (@sexy.angsty.flow)
35,2022-09-13 16:45:00,Pole L2 (Beg/Int),Maggie Morgan
83,2022-09-13 15:30:00,POLE SPACE - Open Studio,Pole + Dance Studios
41,2022-09-12 19:15:00,Pole Foundations (Intro),Maggie Morgan
29,2022-09-12 18:0:00,Pole L3 (Int),Yoko (@yokotaketani929)
89,2022-09-12 16:45:00,Heels Choreography (Int/Adv),Yoko (@yokotaketani929)
95,2022-09-12 15:30:00,POLE SPACE - Open Studio,Pole + Dance Studios
84,2022-09-11 13:45:00,Pole Foundations (Intro),Marguerite Bueno
78,2022-09-11 12:30:00,Active Flexibility (All Levels),Marguerite Bueno
6,2022-09-11 11:15:00,Heels Choreography (Beg/Int),Alexis Whitaker (@alexis_spins)
28,2022-09-11 10:0:00,Pole L2 (Beg/Int),Alexis Whitaker (@alexis_spins)
54,2022-09-10 20:0:00,Tits Out! (QT-centered space) with Sahra [shared],Sahra Aalaei (@happy__sahra)
54,2022-09-10 13:45:00,Pole Foundations (Intro),Sahra Aalaei (@happy__sahra)
58,2022-09-10 12:30:00,Pole L2 (Beg/Int),Fifi Bamboo (@fifibamboo)
75,2022-09-10 11:15:00,Heels Choreography (Beg/Int),Fifi Bamboo (@fifibamboo)
20,2022-09-10 10:0:00,POLE SPACE - Open Studio,Pole + Dance Studios
93,2022-09-09 18:15:00,Shoulder Balancing + Rolls with Fifi (All Levels),Fifi Bamboo (@fifibamboo)
55,2022-09-09 17:0:00,Pole Foundations (Intro),Luiza Silva
24,2022-09-09 12:0:00,Pole Foundations (Intro),Cela (@cela.stial)
93,2022-09-08 18:0:00,Pole L2 (Beg/Int),Sahra Aalaei (@happy__sahra)
86,2022-09-08 16:45:00,*Limited Time!* Pole L1.5 (Beg/Int),Sahra Aalaei (@happy__sahra)
42,2022-09-08 15:30:00,POLE SPACE - Open Studio,Pole + Dance Studios
89,2022-09-07 19:15:00,Pole Foundations (Intro),Kat Brousseau (@_katplay)
31,2022-09-07 18:0:00,Pole L3 (Int),Celia Ford (@celiadoespole)
13,2022-09-07 16:45:00,Pole Inversions Conditioning (All Levels),Celia Ford (@celiadoespole)
20,2022-09-07 15:30:00,POLE SPACE - Open Studio,Pole + Dance Studios
31,2022-09-06 19:15:00,Pole Foundations (Intro),Miyuki @miyukibee
37,2022-09-06 18:0:00,Heels Choreography (Beg/Int),Autumn (@sexy.angsty.flow)
3,2022-09-06 16:45:00,Pole L2 (Beg/Int),Celia Ford (@celiadoespole)
92,2022-09-06 15:30:00,POLE SPACE - Open Studio,Pole + Dance Studios
71,2022-09-06 7:30:00,Pole L3 (Int),Amy Bond (@amysunshine007)
100,2022-09-05 19:15:00,Pole Foundations (Intro),Maggie Morgan
42,2022-09-05 18:0:00,Pole L3 (Int),Yoko (@yokotaketani929)
90,2022-09-05 16:45:00,Heels Choreography (Int/Adv),Yoko (@yokotaketani929)
64,2022-09-05 15:30:00,POLE SPACE - Open Studio,Pole + Dance Studios
39,2022-09-04 13:45:00,Pole Foundations (Intro),Marguerite Bueno
19,2022-09-04 12:30:00,Heels Choreography (Beg/Int),Amy Bond (@amysunshine007)
48,2022-09-04 11:15:00,Active Flexibility (All Levels),Anna Kaye
92,2022-09-04 10:0:00,Pole L2 (Beg/Int),Maggie Morgan
20,2022-09-03 13:45:00,Pole Foundations (Intro),Sahra Aalaei (@happy__sahra)
53,2022-09-03 12:30:00,Pole L2 (Beg/Int),Sahra Aalaei (@happy__sahra)
89,2022-09-03 11:15:00,Heels Choreography (Beg/Int),Kat Brousseau (@_katplay)
91,2022-09-03 10:0:00,POLE SPACE - Open Studio,Pole + Dance Studios
27,2022-09-02 17:0:00,Pole Foundations (Intro),Luiza Silva
2,2022-09-02 12:0:00,Pole Foundations (Intro),Cela (@cela.stial)
1,2022-09-02 10:0:00,POLE SPACE - Open Studio,Pole + Dance Studios
71,2022-09-01 18:0:00,POLE SPACE - Open Studio,Pole + Dance Studios
44,2022-09-01 16:45:00,Pole L2 (Beg/Int),Sahra Aalaei (@happy__sahra)
76,2022-09-01 15:30:00,POLE SPACE - Open Studio,Pole + Dance Studios
56,2022-08-31 19:15:00,Heels Choreography (Beg/Int),Kat Brousseau (@_katplay)
55,2022-08-31 18:0:00,Pole Foundations (Intro),Kat Brousseau (@_katplay)
24,2022-08-31 16:45:00,Pole Inversions Conditioning (All Levels),Celia Ford (@celiadoespole)
22,2022-08-31 15:30:00,POLE SPACE - Open Studio,Pole + Dance Studios
27,2022-08-30 19:15:00,Pole Foundations (Intro),Miyuki @miyukibee
96,2022-08-30 18:0:00,Heels Choreography (Beg/Int),Autumn (@sexy.angsty.flow)
39,2022-08-30 16:45:00,Pole L2 (Beg/Int),Celia Ford (@celiadoespole)
60,2022-08-30 15:30:00,POLE SPACE - Open Studio,Pole + Dance Studios
69,2022-08-29 19:15:00,Pole Foundations (Intro),Yoko (@yokotaketani929)
26,2022-08-29 18:0:00,Pole L3 (Int),Yoko (@yokotaketani929)
50,2022-08-29 16:45:00,Heels Choreography (Int/Adv),Yoko (@yokotaketani929)
51,2022-08-29 15:30:00,POLE SPACE - Open Studio,Pole + Dance Studios
6,2022-08-28 13:45:00,Pole Foundations (Intro),Sasha Pronko
67,2022-08-28 12:30:00,Heels Choreography (Beg/Int),Alexis Whitaker (@alexis_spins)
85,2022-08-28 11:15:00,Active Flexibility (All Levels),Anna Kaye
99,2022-08-28 10:0:00,Pole L2 (Beg/Int),Maggie Morgan
56,2022-08-27 13:45:00,Pole Foundations (Intro),Sahra Aalaei (@happy__sahra)
80,2022-08-27 12:30:00,Pole L2 (Beg/Int),Sahra Aalaei (@happy__sahra)
3,2022-08-26 17:0:00,Pole Foundations (Intro),Luiza Silva
59,2022-08-26 12:0:00,Pole Foundations (Intro),Cela (@cela.stial)
45,2022-08-25 18:0:00,Active Flexibility (All Levels),Mae Mae (@maesweetmae)
79,2022-08-25 16:45:00,Pole L2 (Beg/Int),Celia Ford (@celiadoespole)
74,2022-08-25 15:30:00,POLE SPACE - Open Studio,Pole + Dance Studios
20,2022-08-24 18:0:00,Pole Foundations (Intro),Cela (@cela.stial)
16,2022-08-24 16:45:00,Pole Inversions Conditioning (All Levels),Celia Ford (@celiadoespole)
85,2022-08-24 15:30:00,POLE SPACE - Open Studio,Pole + Dance Studios
50,2022-08-23 19:15:00,Pole Foundations (Intro),Miyuki @miyukibee
92,2022-08-23 18:0:00,Heels Choreography (Beg/Int),Autumn (@sexy.angsty.flow)
53,2022-08-23 16:45:00,Pole L2 (Beg/Int),Celia Ford (@celiadoespole)
9,2022-08-23 15:30:00,POLE SPACE - Open Studio,Pole + Dance Studios
91,2022-08-23 7:30:00,Pole L3 (Int),Amy Bond (@amysunshine007)
99,2022-08-22 19:15:00,Pole Foundations (Intro),Maggie Morgan
29,2022-08-22 18:0:00,Pole L3 (Int),Yoko (@yokotaketani929)
4,2022-08-22 16:45:00,Heels Choreography (Int/Adv),Yoko (@yokotaketani929)
53,2022-08-22 15:30:00,POLE SPACE - Open Studio,Pole + Dance Studios
27,2022-08-21 15:0:00,Spin Pole Combos with Elizabeth,Elizabeth Blanchard
57,2022-08-21 13:45:00,Handstands + Inversions with Elizabeth,Elizabeth Blanchard
82,2022-08-21 12:30:00,Pole Tricks Clinic (L2+) with Elizabeth,Elizabeth Blanchard
93,2022-08-21 11:15:00,Pole Handspring Clinic (L2+) with Elizabeth,Elizabeth Blanchard
29,2022-08-21 10:0:00,Pole L4 (Int/Adv) with Elizabeth,Elizabeth Blanchard
20,2022-08-20 13:45:00,Pole Foundations (Intro),Crystal Cheung
77,2022-08-20 12:30:00,Pole L2 (Beg/Int),Sasha Pronko
23,2022-08-20 11:15:00,Heels Choreography (Beg/Int),Kat Brousseau (@_katplay)
12,2022-08-19 18:15:00,Intro to Heels Edgework (Beg/Int) with Amy,Amy Bond (@amysunshine007)
56,2022-08-19 17:0:00,Pole Foundations (Intro),Luiza Silva
25,2022-08-19 12:0:00,Pole Foundations (Intro),Cela (@cela.stial)
5,2022-08-18 18:0:00,Active Flexibility (All Levels),Shiki Wang (@flexiflowy)
59,2022-08-18 16:45:00,Pole L2 (Beg/Int),Celia Ford (@celiadoespole)
31,2022-08-18 15:30:00,POLE SPACE - Open Studio,Pole + Dance Studios
29,2022-08-17 19:15:00,Heels Choreography (Beg/Int),Kat Brousseau (@_katplay)
87,2022-08-17 18:0:00,Pole Foundations (Intro),Kat Brousseau (@_katplay)
70,2022-08-17 16:45:00,Pole Inversions Conditioning (All Levels),Celia Ford (@celiadoespole)
28,2022-08-17 15:30:00,POLE SPACE - Open Studio,Pole + Dance Studios
36,2022-08-16 19:15:00,Pole Foundations (Intro),Miyuki @miyukibee
6,2022-08-16 18:0:00,Heels Choreography (Beg/Int),Autumn (@sexy.angsty.flow)
91,2022-08-16 16:45:00,Pole L2 (Beg/Int),Celia Ford (@celiadoespole)
88,2022-08-16 15:30:00,POLE SPACE - Open Studio,Pole + Dance Studios
16,2022-08-16 7:30:00,Pole L3 (Int),Amy Bond (@amysunshine007)
81,2022-08-15 19:15:00,Pole Foundations (Intro),Maggie Morgan
10,2022-08-15 18:0:00,Pole L3 (Int),Yoko (@yokotaketani929)
65,2022-08-15 16:45:00,Heels Choreography (Int/Adv),Yoko (@yokotaketani929)
24,2022-08-15 15:30:00,POLE SPACE - Open Studio,Pole + Dance Studios
82,2022-08-14 13:45:00,Pole Foundations (Intro),Marguerite Bueno
90,2022-08-14 12:30:00,Heels Choreography (Beg/Int),Yoko (@yokotaketani929)
88,2022-08-14 11:15:00,Active Flexibility (All Levels),Anna Kaye
4,2022-08-14 10:0:00,Pole L2 (Beg/Int),Maggie Morgan
33,2022-08-13 13:45:00,Pole Foundations (Intro),Cela (@cela.stial)
67,2022-08-13 12:30:00,Pole L2 (Beg/Int),Anne Baptiste
92,2022-08-13 11:15:00,Heels Choreography (Beg/Int),Kat Brousseau (@_katplay)
6,2022-08-13 10:0:00,Pole L1.5 (Beg/Int),Celia Ford (@celiadoespole)
44,2022-08-12 12:0:00,Pole Foundations (Intro),Cela (@cela.stial)
53,2022-08-11 15:30:00,POLE SPACE - Open Studio,Pole + Dance Studios
30,2022-08-10 19:15:00,Heels Choreography (Beg/Int),Kat Brousseau (@_katplay)
50,2022-08-10 18:0:00,Pole Foundations (Intro),Kat Brousseau (@_katplay)
93,2022-08-10 16:45:00,Pole Inversions Conditioning (All Levels),Celia Ford (@celiadoespole)
78,2022-08-10 15:30:00,POLE SPACE - Open Studio,Pole + Dance Studios
83,2022-08-09 19:15:00,Pole Foundations (Intro),Kat Brousseau (@_katplay)
47,2022-08-09 18:0:00,Heels Choreography (Beg/Int),Autumn (@sexy.angsty.flow)
69,2022-08-09 16:45:00,Pole L2 (Beg/Int),Celia Ford (@celiadoespole)
35,2022-08-09 15:30:00,POLE SPACE - Open Studio,Pole + Dance Studios
71,2022-08-08 19:15:00,Pole Foundations (Intro),Maggie Morgan
28,2022-08-08 18:0:00,Pole L3 (Int),Yoko (@yokotaketani929)
8,2022-08-08 16:45:00,Heels Choreography (Int/Adv),Yoko (@yokotaketani929)
56,2022-08-08 15:30:00,POLE SPACE - Open Studio,Pole + Dance Studios
100,2022-08-07 13:45:00,Pole Foundations (Intro),Marguerite Bueno
6,2022-08-07 12:30:00,Heels Choreography (Beg/Int),Alexis Whitaker (@alexis_spins)
96,2022-08-07 11:15:00,Active Flexibility (All Levels),Anna Kaye
38,2022-08-07 10:0:00,Pole L2 (Beg/Int),Maggie Morgan
87,2022-08-06 13:45:00,Pole Foundations (Intro),Sahra Aalaei (@happy__sahra)
12,2022-08-06 12:30:00,Pole L2 (Beg/Int),Sahra Aalaei (@happy__sahra)
66,2022-08-06 11:15:00,Heels Choreography (Beg/Int),Kat Brousseau (@_katplay)
28,2022-08-05 17:0:00,Pole Foundations (Intro),Luiza Silva
100,2022-08-05 12:0:00,Pole Foundations (Intro),Maggie Morgan
2,2022-08-04 19:15:00,Heels Choreography (Beg/Int),Mae Mae (@maesweetmae)
75,2022-08-04 18:0:00,Active Flexibility (All Levels),Mae Mae (@maesweetmae)
96,2022-08-04 16:45:00,Pole L2 (Beg/Int),Sahra Aalaei (@happy__sahra)
48,2022-08-04 15:30:00,POLE SPACE - Open Studio,Pole + Dance Studios
16,2022-08-03 19:15:00,Heels Choreography (Beg/Int),Kat Brousseau (@_katplay)
52,2022-08-03 18:0:00,Pole Foundations (Intro),Kat Brousseau (@_katplay)
38,2022-08-03 16:45:00,Pole Inversions Conditioning (All Levels),Celia Ford (@celiadoespole)
1,2022-08-03 15:30:00,POLE SPACE - Open Studio,Pole + Dance Studios
23,2022-08-02 19:15:00,Pole Foundations (Intro),Yoko (@yokotaketani929)
75,2022-08-02 18:0:00,Heels Choreography (Beg/Int),Autumn (@sexy.angsty.flow)
27,2022-08-02 16:45:00,Pole L2 (Beg/Int),Celia Ford (@celiadoespole)
65,2022-08-01 19:15:00,Pole Foundations (Intro),Lucy
52,2022-08-01 18:0:00,Pole L3 (Int),Yoko (@yokotaketani929)
90,2022-08-01 16:45:00,Heels Choreography (Int/Adv),Yoko (@yokotaketani929)
38,2022-08-01 15:30:00,POLE SPACE - Open Studio,Pole + Dance Studios
88,2022-07-31 13:45:00,Pole Foundations (Intro),Marguerite Bueno
41,2022-07-31 12:30:00,Heels Choreography (Beg/Int),Alexis Whitaker (@alexis_spins)
81,2022-07-31 11:15:00,Active Flexibility (All Levels),Andrea Brewer
27,2022-07-31 10:0:00,Pole L2 (Beg/Int),Sasha Pronko
53,2022-07-30 15:0:00,Tits Out! (QT-centered pole space) with Sahra,Sahra Aalaei (@happy__sahra)
58,2022-07-30 13:45:00,Pole Foundations (Intro),Sahra Aalaei (@happy__sahra)
64,2022-07-30 12:30:00,Pole L2 (Beg/Int),Sahra Aalaei (@happy__sahra)
20,2022-07-30 11:15:00,Heels Choreography (Beg/Int),Kat Brousseau (@_katplay)
12,2022-07-29 17:0:00,Pole Foundations (Intro),Luiza Silva
4,2022-07-29 12:0:00,Pole Foundations (Intro),Cela (@cela.stial)
43,2022-07-28 19:15:00,Heels Choreography (Beg/Int),Mae Mae (@maesweetmae)
29,2022-07-28 18:0:00,Active Flexibility (All Levels),Mae Mae (@maesweetmae)
13,2022-07-28 16:45:00,Pole L2 (Beg/Int),Sahra Aalaei (@happy__sahra)
94,2022-07-28 15:30:00,POLE SPACE - Open Studio,Pole + Dance Studios
33,2022-07-28 7:30:00,*Pop-Up!* Pole L2 (Beg/Int),Alexis Whitaker (@alexis_spins)
52,2022-07-27 19:15:00,Heels Choreography (Beg/Int),Kat Brousseau (@_katplay)
6,2022-07-27 18:0:00,Pole Foundations (Intro),Kat Brousseau (@_katplay)
23,2022-07-27 16:45:00,Pole Inversions Conditioning (All Levels),Celia Ford (@celiadoespole)
52,2022-07-27 15:30:00,POLE SPACE - Open Studio,Pole + Dance Studios
50,2022-07-26 19:15:00,Pole Foundations (Intro),Ivy Hawk (@ivy_hawk)
39,2022-07-26 18:0:00,Heels Choreography (Beg/Int),Autumn (@sexy.angsty.flow)
33,2022-07-26 16:45:00,Pole L2 (Beg/Int),Celia Ford (@celiadoespole)
1,2022-07-26 15:30:00,POLE SPACE - Open Studio,Pole + Dance Studios
34,2022-07-25 19:15:00,Pole Foundations (Intro),Lucy
22,2022-07-25 18:0:00,Pole L3 (Int),Yoko (@yokotaketani929)
64,2022-07-25 16:45:00,Heels Choreography (Int/Adv),Yoko (@yokotaketani929)
62,2022-07-25 15:30:00,POLE SPACE - Open Studio,Pole + Dance Studios
3,2022-07-24 13:45:00,Pole Foundations (Intro),Marguerite Bueno
100,2022-07-24 12:30:00,*Limited time only!* Hard Heels Choreo (Int/Adv),Amy Bond (@amysunshine007)
69,2022-07-24 11:15:00,Active Flexibility (All Levels),Anna Kaye
97,2022-07-24 10:0:00,Pole L2 (Beg/Int),Karina (@femmepole)
83,2022-07-23 15:0:00,Playful Pole with Sahra,Sahra Aalaei (@happy__sahra)
67,2022-07-23 13:45:00,Pole Foundations (Intro),Sahra Aalaei (@happy__sahra)
24,2022-07-23 12:30:00,Pole L2 (Beg/Int),Sahra Aalaei (@happy__sahra)
81,2022-07-23 11:15:00,Heels Choreography (Beg/Int),Kat Brousseau (@_katplay)
43,2022-07-22 18:30:00,Gooey Transitions (All Levels) with Celia,Celia Ford (@celiadoespole)
47,2022-07-22 17:0:00,Pole Foundations (Intro),Luiza Silva
30,2022-07-22 12:0:00,Pole Foundations (Intro),Sahra Aalaei (@happy__sahra)
70,2022-07-21 19:15:00,Heels Choreography (Beg/Int),Alexis Whitaker (@alexis_spins)
99,2022-07-21 16:45:00,Pole L2 (Beg/Int),Sahra Aalaei (@happy__sahra)
85,2022-07-21 15:30:00,POLE SPACE - Open Studio,Pole + Dance Studios
50,2022-07-20 19:15:00,Heels Choreography (Beg/Int),Kat Brousseau (@_katplay)
100,2022-07-20 18:0:00,Pole Foundations (Intro),Kat Brousseau (@_katplay)
75,2022-07-20 16:45:00,Pole Inversions Conditioning (All Levels),Celia Ford (@celiadoespole)
46,2022-07-20 15:30:00,POLE SPACE - Open Studio,Pole + Dance Studios
77,2022-07-19 19:15:00,Pole Foundations (Intro),Ivy Hawk (@ivy_hawk)
16,2022-07-19 18:0:00,Heels Choreography (Beg/Int),Autumn (@sexy.angsty.flow)
90,2022-07-19 16:45:00,Pole L2 (Beg/Int),Celia Ford (@celiadoespole)
19,2022-07-19 15:30:00,POLE SPACE - Open Studio,Pole + Dance Studios
26,2022-07-18 19:15:00,Pole Foundations (Intro),Maggie Morgan
31,2022-07-18 18:0:00,Pole L3 (Int),Yoko (@yokotaketani929)
48,2022-07-18 16:45:00,Heels Choreography (Int/Adv),Yoko (@yokotaketani929)
50,2022-07-18 15:30:00,POLE SPACE - Open Studio,Pole + Dance Studios
10,2022-07-17 15:0:00,Spin Pole Combos with Elizabeth,Elizabeth Blanchard
84,2022-07-17 13:45:00,Handstands + Inversions with Elizabeth,Elizabeth Blanchard
54,2022-07-17 12:30:00,Pole Tricks Clinic (L2+) with Elizabeth,Elizabeth Blanchard
47,2022-07-17 11:15:00,Pole Handspring Clinic (L2+) with Elizabeth,Elizabeth Blanchard
29,2022-07-17 10:0:00,Pole L4 (Int/Adv) with Elizabeth,Elizabeth Blanchard
70,2022-07-16 13:45:00,Pole Foundations (Intro),Marguerite Bueno
100,2022-07-16 12:30:00,Pole L2 (Beg/Int),Karina (@femmepole)
43,2022-07-16 11:15:00,Heels Choreography (Beg/Int),Kat Brousseau (@_katplay)
25,2022-07-15 19:45:00,Intro to Heels Edgework (Beg/Int) with Amy,Amy Bond (@amysunshine007)
30,2022-07-15 17:0:00,Pole Foundations (Intro),Luiza Silva
39,2022-07-15 12:0:00,Pole Foundations (Intro),Cela (@cela.stial)
80,2022-07-14 19:15:00,Heels Choreography (Beg/Int),Mae Mae (@maesweetmae)
53,2022-07-14 18:0:00,Active Flexibility (All Levels),Mae Mae (@maesweetmae)
20,2022-07-14 16:45:00,Pole L2 (Beg/Int),Roz (@roz.glows)
48,2022-07-14 15:30:00,POLE SPACE - Open Studio,Pole + Dance Studios
25,2022-07-13 19:15:00,Heels Choreography (Beg/Int),Kat Brousseau (@_katplay)
83,2022-07-13 18:0:00,Pole Foundations (Intro),Kat Brousseau (@_katplay)
20,2022-07-13 16:45:00,Pole Inversions Conditioning (All Levels),Celia Ford (@celiadoespole)
33,2022-07-13 15:30:00,POLE SPACE - Open Studio,Pole + Dance Studios
58,2022-07-12 19:15:00,Pole Foundations (Intro),Ivy Hawk (@ivy_hawk)
30,2022-07-12 18:0:00,Heels Choreography (Beg/Int),Autumn (@sexy.angsty.flow)
23,2022-07-12 16:45:00,Pole L2 (Beg/Int),Celia Ford (@celiadoespole)
17,2022-07-12 15:30:00,POLE SPACE - Open Studio,Pole + Dance Studios
33,2022-07-12 7:30:00,Pole L3 (Int),Amy Bond (@amysunshine007)
93,2022-07-11 19:15:00,Pole Foundations (Intro),Judy (TT) Maggie Morgan
91,2022-07-11 18:0:00,Pole L3 (Int),Celia Ford (@celiadoespole)
50,2022-07-11 16:45:00,Heels Choreography (Int/Adv),Mae Mae (@maesweetmae)
92,2022-07-11 15:30:00,POLE SPACE - Open Studio,Pole + Dance Studios
97,2022-07-10 13:45:00,Pole Foundations (Intro),Marguerite Bueno
96,2022-07-10 12:30:00,*Limited time only!* Hard Heels Choreo (Int/Adv),Mae Mae (@maesweetmae)
67,2022-07-10 11:15:00,Active Flexibility (All Levels),Anna Kaye
95,2022-07-10 10:0:00,Pole L2 (Beg/Int),Maggie Morgan
23,2022-07-09 15:30:00,Experimental Pole with Celia,Celia Ford (@celiadoespole)
34,2022-07-09 13:45:00,Pole Foundations (Intro),Sahra Aalaei (@happy__sahra)
23,2022-07-09 12:30:00,Pole L2 (Beg/Int),Sahra Aalaei (@happy__sahra)
27,2022-07-09 11:15:00,Heels Choreography (Beg/Int),Kat Brousseau (@_katplay)
9,2022-07-08 17:0:00,Pole Foundations (Intro),Luiza Silva
67,2022-07-08 12:0:00,Pole Foundations (Intro),Cela (@cela.stial)
55,2022-07-07 19:15:00,Heels Choreography (Beg/Int),Mae Mae (@maesweetmae)
82,2022-07-07 18:0:00,Active Flexibility (All Levels),Mae Mae (@maesweetmae)
74,2022-07-07 16:45:00,Pole L2 (Beg/Int),Sahra Aalaei (@happy__sahra)
47,2022-07-07 15:30:00,POLE SPACE - Open Studio,Pole + Dance Studios
25,2022-07-06 19:15:00,Heels Choreography (Beg/Int),Kat Brousseau (@_katplay)
35,2022-07-06 18:0:00,Pole Foundations (Intro),Kat Brousseau (@_katplay)
76,2022-07-06 16:45:00,Pole Inversions Conditioning (All Levels),Celia Ford (@celiadoespole)
57,2022-07-06 15:30:00,POLE SPACE - Open Studio,Pole + Dance Studios
39,2022-07-05 19:15:00,Pole Foundations (Intro),Ivy Hawk (@ivy_hawk)
94,2022-07-05 18:0:00,Heels Choreography (Beg/Int),Autumn (@sexy.angsty.flow)
98,2022-07-05 16:45:00,Pole L2 (Beg/Int),Celia Ford (@celiadoespole)
77,2022-07-05 15:30:00,POLE SPACE - Open Studio,Pole + Dance Studios
50,2022-07-05 7:30:00,Pole L3 (Int),Amy Bond (@amysunshine007)
55,2022-07-04 19:15:00,Pole Foundations (Intro),Maggie Morgan
77,2022-07-04 18:0:00,Pole L3 (Int),Yoko (@yokotaketani929)
51,2022-07-04 16:45:00,Heels Choreography (Int/Adv),Yoko (@yokotaketani929)
26,2022-07-04 15:30:00,POLE SPACE - Open Studio,Pole + Dance Studios
99,2022-07-03 13:45:00,Pole Foundations (Intro),Marguerite Bueno
44,2022-07-03 11:15:00,Active Flexibility (All Levels),Anna Kaye
54,2022-07-03 10:0:00,Pole L2 (Beg/Int),Maggie Morgan
57,2022-07-02 13:45:00,Pole Foundations (Intro),Sahra Aalaei (@happy__sahra)
46,2022-07-02 12:30:00,Pole L2 (Beg/Int),Sahra Aalaei (@happy__sahra)
90,2022-07-02 11:15:00,Heels Choreography (Beg/Int),Alexis Whitaker (@alexis_spins)
61,2022-07-01 17:0:00,Pole Foundations (Intro),Luiza Silva
98,2022-07-01 12:0:00,Pole Foundations (Intro),Cela (@cela.stial)
9,2022-06-30 19:15:00,Heels Choreography (Beg/Int),Mae Mae (@maesweetmae)
45,2022-06-30 18:0:00,Active Flexibility (All Levels),Mae Mae (@maesweetmae)
71,2022-06-30 16:45:00,Pole L2 (Beg/Int),Sahra Aalaei (@happy__sahra)
51,2022-06-30 15:30:00,POLE SPACE - Open Studio,Pole + Dance Studios
10,2022-06-29 19:15:00,Heels Choreography (Beg/Int),Alexis Whitaker (@alexis_spins)
34,2022-06-29 18:0:00,Pole Foundations (Intro),Alexis Whitaker (@alexis_spins)
66,2022-06-29 16:45:00,Pole Inversions Conditioning (All Levels),Celia Ford (@celiadoespole)
80,2022-06-29 15:30:00,POLE SPACE - Open Studio,Pole + Dance Studios
61,2022-06-28 19:15:00,Pole Foundations (Intro),Ivy Hawk (@ivy_hawk)
8,2022-06-28 18:0:00,Heels Choreography (Beg/Int),Autumn (@sexy.angsty.flow)
77,2022-06-28 16:45:00,Pole L2 (Beg/Int),Celia Ford (@celiadoespole)
34,2022-06-28 15:30:00,POLE SPACE - Open Studio,Pole + Dance Studios
8,2022-06-27 19:15:00,Pole Foundations (Intro),Maggie Morgan
10,2022-06-27 18:0:00,Pole L3 (Int),Celia Ford (@celiadoespole)
82,2022-06-27 15:30:00,POLE SPACE - Open Studio,Pole + Dance Studios
41,2022-06-26 13:45:00,Pole Foundations (Intro),Lucy
45,2022-06-26 11:15:00,Active Flexibility (All Levels),Shiki Wang (@flexiflowy)
46,2022-06-26 10:0:00,Pole L2 (Beg/Int),Maggie Morgan
85,2022-06-25 15:0:00,Tits Out! (QT-centered pole space) with Sahra,Sahra Aalaei (@happy__sahra)
81,2022-06-25 13:45:00,Pole Foundations (Intro),Miyuki @miyukibee Sahra Aalaei (@happy__sahra)
83,2022-06-25 12:30:00,Pole L2 (Beg/Int),Sahra Aalaei (@happy__sahra)
82,2022-06-25 11:15:00,Heels Choreography (Beg/Int),Yoko (@yokotaketani929)
12,2022-06-24 17:0:00,Pole Foundations (Intro),Luiza Silva
33,2022-06-23 16:45:00,Pole L2 (Beg/Int),Sahra Aalaei (@happy__sahra)
83,2022-06-22 19:15:00,Heels Choreography (Beg/Int),Autumn (@sexy.angsty.flow)
73,2022-06-22 18:0:00,Pole Foundations (Intro),Celia Ford (@celiadoespole)
9,2022-06-22 16:45:00,Pole Inversions Conditioning (All Levels),Celia Ford (@celiadoespole)
2,2022-06-22 15:30:00,POLE SPACE - Open Studio,Pole + Dance Studios
45,2022-06-21 19:15:00,Pole Foundations (Intro),Ivy Hawk (@ivy_hawk)
60,2022-06-21 18:0:00,Heels Choreography (Beg/Int),Autumn (@sexy.angsty.flow)
55,2022-06-21 16:45:00,Pole L2 (Beg/Int),Celia Ford (@celiadoespole)
6,2022-06-21 15:30:00,POLE SPACE - Open Studio,Pole + Dance Studios
63,2022-06-21 7:30:00,Pole L3 (Int),Amy Bond (@amysunshine007)
59,2022-06-20 19:15:00,Pole Foundations (Intro),Maggie Morgan
73,2022-06-20 18:0:00,Pole L3 (Int),Celia Ford (@celiadoespole)
100,2022-06-20 16:45:00,Heels Choreography (Int/Adv),Mae Mae (@maesweetmae)
92,2022-06-19 15:0:00,Spin Pole Combos with Elizabeth,Elizabeth Blanchard
41,2022-06-19 13:45:00,Handstands + Inversions with Elizabeth,Elizabeth Blanchard
89,2022-06-19 12:30:00,Pole Tricks Clinic (L2+) with Elizabeth,Elizabeth Blanchard
62,2022-06-19 11:15:00,Pole Handspring Clinic (L2+) with Elizabeth,Elizabeth Blanchard
81,2022-06-19 10:0:00,Pole L4 (Int/Adv) with Elizabeth,Elizabeth Blanchard
98,2022-06-18 15:0:00,Playful Pole with Sahra,Sahra Aalaei (@happy__sahra)
79,2022-06-18 13:45:00,Pole Foundations (Intro),Sahra Aalaei (@happy__sahra)
43,2022-06-18 12:30:00,Pole L2 (Beg/Int),Sahra Aalaei (@happy__sahra)
79,2022-06-18 11:15:00,Heels Choreography (Beg/Int),Kat Brousseau (@_katplay)
41,2022-06-17 18:15:00,Pole Freestyle (All Levels),Sahra Aalaei (@happy__sahra)
64,2022-06-17 17:0:00,Pole Foundations (Intro),Luiza Silva
30,2022-06-17 12:0:00,Pole Foundations (Intro),Celia Ford (@celiadoespole)
39,2022-06-16 19:15:00,Heels Choreography (Beg/Int),Mae Mae (@maesweetmae)
52,2022-06-16 18:0:00,Active Flexibility (All Levels),Mae Mae (@maesweetmae)
8,2022-06-16 16:45:00,Pole L2 (Beg/Int),Sahra Aalaei (@happy__sahra)
98,2022-06-16 15:30:00,POLE SPACE - Open Studio,Pole + Dance Studios
53,2022-06-15 19:15:00,Heels Choreography (Beg/Int),Kat Brousseau (@_katplay)
31,2022-06-15 18:0:00,Pole Foundations (Intro),Celia Ford (@celiadoespole)
47,2022-06-15 16:45:00,Pole Inversions Conditioning (All Levels),Celia Ford (@celiadoespole)
82,2022-06-15 15:30:00,POLE SPACE - Open Studio,Pole + Dance Studios
98,2022-06-14 19:15:00,Pole Foundations (Intro),Ivy Hawk (@ivy_hawk)
68,2022-06-14 18:0:00,Heels Choreography (Beg/Int),Autumn (@sexy.angsty.flow)
89,2022-06-14 16:45:00,Pole L2 (Beg/Int),Celia Ford (@celiadoespole)
6,2022-06-14 15:30:00,POLE SPACE - Open Studio,Pole + Dance Studios
1,2022-06-14 7:30:00,Pole L3 (Int),Amy Bond (@amysunshine007)
35,2022-06-13 19:15:00,Pole Foundations (Intro),Maggie Morgan
27,2022-06-13 18:0:00,Pole L3 (Int),Celia Ford (@celiadoespole)
16,2022-06-13 16:45:00,Heels Choreography (Int/Adv),Amy Bond (@amysunshine007)
5,2022-06-13 15:30:00,POLE SPACE - Open Studio,Pole + Dance Studios
83,2022-06-12 13:45:00,Pole Foundations (Intro),Marguerite Bueno
79,2022-06-12 12:30:00,Heels Choreography (Beg/Int),Amy Bond (@amysunshine007)
94,2022-06-12 11:15:00,Active Flexibility (All Levels),Amy Bond (@amysunshine007)
8,2022-06-12 10:0:00,Pole L2 (Beg/Int),Maggie Morgan
75,2022-06-11 13:45:00,Pole Foundations (Intro),Marguerite Bueno
61,2022-06-11 12:30:00,Pole L2 (Beg/Int),Anne Baptiste
75,2022-06-11 11:15:00,Heels Choreography (Beg/Int),Kat Brousseau (@_katplay)
17,2022-06-10 17:0:00,Pole Foundations (Intro),Luiza Silva
52,2022-06-10 12:0:00,Pole Foundations (Intro),Mae Mae (@maesweetmae)
23,2022-06-09 19:15:00,Heels Choreography (Beg/Int),Mae Mae (@maesweetmae)
45,2022-06-09 18:0:00,Active Flexibility (All Levels),Mae Mae (@maesweetmae)
99,2022-06-09 16:45:00,Pole L2 (Beg/Int),Sahra Aalaei (@happy__sahra)
59,2022-06-09 15:30:00,POLE SPACE - Open Studio,Pole + Dance Studios
19,2022-06-08 19:15:00,Heels Choreography (Beg/Int),Alexis Whitaker (@alexis_spins)
83,2022-06-08 18:0:00,Pole Foundations (Intro),Alexis Whitaker (@alexis_spins)
6,2022-06-08 15:30:00,POLE SPACE - Open Studio,Pole + Dance Studios
89,2022-06-07 19:15:00,Pole Foundations (Intro),Ivy Hawk (@ivy_hawk)
90,2022-06-07 18:0:00,Heels Choreography (Beg/Int),Autumn (@sexy.angsty.flow)
79,2022-06-07 16:45:00,Pole L2 (Beg/Int),Celia Ford (@celiadoespole)
23,2022-06-07 15:30:00,POLE SPACE - Open Studio,Pole + Dance Studios
58,2022-06-07 7:30:00,Pole L3 (Int),Amy Bond (@amysunshine007)
67,2022-06-06 19:15:00,Pole Foundations (Intro),Maggie Morgan
13,2022-06-06 18:0:00,Pole L3 (Int),Celia Ford (@celiadoespole)
23,2022-06-06 16:45:00,Heels Choreography (Int/Adv),Mae Mae (@maesweetmae)
82,2022-06-06 15:30:00,POLE SPACE - Open Studio,Pole + Dance Studios
2,2022-06-05 13:45:00,Pole Foundations (Intro),Marguerite Bueno
20,2022-06-05 10:0:00,Pole L2 (Beg/Int),Maggie Morgan
1,2022-06-04 13:45:00,Pole Foundations (Intro),Sahra Aalaei (@happy__sahra)
2,2022-06-04 12:30:00,Pole L2 (Beg/Int),Sahra Aalaei (@happy__sahra)
87,2022-06-04 11:15:00,Heels Choreography (Beg/Int),Kat Brousseau (@_katplay)
25,2022-06-03 17:0:00,Pole Foundations (Intro),Luiza Silva
34,2022-06-03 12:0:00,Pole Foundations (Intro),Mae Mae (@maesweetmae)
26,2022-06-02 19:15:00,Heels Choreography (Beg/Int),Mae Mae (@maesweetmae)
13,2022-06-02 18:0:00,Active Flexibility (All Levels),Mae Mae (@maesweetmae)
37,2022-06-02 16:45:00,Pole L2 (Beg/Int),Sahra Aalaei (@happy__sahra)
35,2022-06-02 15:30:00,POLE SPACE - Open Studio,Pole + Dance Studios
6,2022-06-01 19:15:00,Heels Choreography (Beg/Int),Kat Brousseau (@_katplay)
24,2022-06-01 18:0:00,Pole Foundations (Intro),Sahra Aalaei (@happy__sahra)
26,2022-06-01 16:45:00,Pole Inversions Conditioning (All Levels),Celia Ford (@celiadoespole)
74,2022-06-01 15:30:00,POLE SPACE - Open Studio,Pole + Dance Studios
7,2022-05-31 19:15:00,Pole Foundations (Intro),Ivy Hawk (@ivy_hawk)
97,2022-05-31 18:0:00,Heels Choreography (Beg/Int),Autumn (@sexy.angsty.flow)
3,2022-05-31 16:45:00,Pole L2 (Beg/Int),Celia Ford (@celiadoespole)
77,2022-05-31 15:30:00,POLE SPACE - Open Studio,Pole + Dance Studios
4,2022-05-31 9:15:00,Pole Foundations (Intro),Cela (@cela.stial)
13,2022-05-31 7:30:00,Pole L3 (Int),Amy Bond (@amysunshine007)
51,2022-05-30 19:15:00,Pole Foundations (Intro),Maggie Morgan
83,2022-05-30 18:0:00,Pole L3 (Int),Yoko (@yokotaketani929)
2,2022-05-30 16:45:00,Heels Choreography (Int/Adv),Yoko (@yokotaketani929)
47,2022-05-30 15:30:00,POLE SPACE - Open Studio,Pole + Dance Studios
97,2022-05-29 13:45:00,Pole Foundations (Intro),Marguerite Bueno
74,2022-05-29 10:0:00,Pole L2 (Beg/Int),Maggie Morgan
31,2022-05-28 13:45:00,Pole Foundations (Intro),Sahra Aalaei (@happy__sahra)
32,2022-05-28 12:30:00,Pole L2 (Beg/Int),Fifi Bamboo (@fifibamboo)
65,2022-05-28 11:15:00,Heels Choreography (Beg/Int),Fifi Bamboo (@fifibamboo)
8,2022-05-28 10:0:00,Pole L3 (Int),Fifi Bamboo (@fifibamboo)
85,2022-05-27 19:30:00,Boss Babe Energy with Alexis,Alexis Whitaker (@alexis_spins)
98,2022-05-27 18:15:00,Heels Choreography (Beg/Int),Alexis Whitaker (@alexis_spins)
43,2022-05-27 17:0:00,Pole Foundations (Intro),Luiza Silva
56,2022-05-27 12:0:00,Pole Foundations (Intro),Sahra Aalaei (@happy__sahra)
23,2022-05-26 19:15:00,Heels Choreography (Beg/Int),Mae Mae (@maesweetmae)
63,2022-05-26 18:0:00,Active Flexibility (All Levels),Mae Mae (@maesweetmae)
36,2022-05-26 16:45:00,Pole Foundations (Intro),Sahra Aalaei (@happy__sahra)
86,2022-05-26 15:30:00,POLE SPACE - Open Studio,Pole + Dance Studios
74,2022-05-25 19:15:00,Heels Choreography (Beg/Int),Alexis Whitaker (@alexis_spins)
34,2022-05-25 18:0:00,Pole Foundations (Intro),Alexis Whitaker (@alexis_spins)
72,2022-05-25 16:45:00,Pole Inversions Conditioning (All Levels),Celia Ford (@celiadoespole)
30,2022-05-25 15:30:00,POLE SPACE - Open Studio,Pole + Dance Studios
82,2022-05-24 19:15:00,Pole Foundations (Intro),Ivy Hawk (@ivy_hawk)
79,2022-05-24 18:0:00,Heels Choreography (Beg/Int),Autumn (@sexy.angsty.flow)
17,2022-05-24 16:45:00,Pole L2 (Beg/Int),Celia Ford (@celiadoespole)
57,2022-05-24 15:30:00,POLE SPACE - Open Studio,Pole + Dance Studios
37,2022-05-24 9:15:00,Pole Foundations (Intro),Cela (@cela.stial)
38,2022-05-24 7:30:00,Pole L3 (Int),Tiffany Rose Mockler (@tiffanyrosepoledancer)
38,2022-05-23 19:15:00,Pole Foundations (Intro),Maggie Morgan
97,2022-05-23 18:0:00,Pole L3 (Int),Yoko (@yokotaketani929)
45,2022-05-23 16:45:00,Heels Choreography (Int/Adv),Yoko (@yokotaketani929)
82,2022-05-23 15:30:00,POLE SPACE - Open Studio,Pole + Dance Studios
54,2022-05-22 15:0:00,Absolute Beginnerâ€™s Intro to Heels,Cela (@cela.stial) Joshuah Aurora Ciafardone
62,2022-05-22 13:45:00,Pole Foundations (Intro),Marguerite Bueno
42,2022-05-22 12:30:00,Heels Choreography (Beg/Int),Amy Bond (@amysunshine007)
78,2022-05-22 11:15:00,Active Flexibility (All Levels),Amy Bond (@amysunshine007)
32,2022-05-22 10:0:00,Pole L2 (Beg/Int),Maggie Morgan
1,2022-05-21 15:0:00,Playful Pole with Sahra,Sahra Aalaei (@happy__sahra)
67,2022-05-21 13:45:00,Pole Foundations (Intro),Sahra Aalaei (@happy__sahra)
50,2022-05-21 12:30:00,Pole L2 (Beg/Int),Fifi Bamboo (@fifibamboo)
4,2022-05-21 11:15:00,Heels Choreography (Beg/Int),Fifi Bamboo (@fifibamboo)
11,2022-05-21 10:0:00,Pole L3 (Int),Fifi Bamboo (@fifibamboo)
40,2022-05-20 18:15:00,Heels Choreography (Beg/Int),Kat Brousseau (@_katplay)
65,2022-05-20 17:0:00,Pole Foundations (Intro),Luiza Silva
69,2022-05-20 12:0:00,Pole Foundations (Intro),Cela (@cela.stial)
81,2022-05-19 19:15:00,Heels Choreography (Beg/Int),Mae Mae (@maesweetmae)
77,2022-05-19 18:0:00,Active Flexibility (All Levels),Mae Mae (@maesweetmae)
84,2022-05-19 16:45:00,Pole Foundations (Intro),Cela (@cela.stial)
19,2022-05-19 15:30:00,POLE SPACE - Open Studio,Pole + Dance Studios
54,2022-05-18 19:15:00,Heels Choreography (Beg/Int),Alexis Whitaker (@alexis_spins)
92,2022-05-18 18:0:00,Pole Foundations (Intro),Alexis Whitaker (@alexis_spins)
15,2022-05-18 16:45:00,Pole Inversions Conditioning (All Levels),Celia Ford (@celiadoespole)
53,2022-05-18 15:30:00,POLE SPACE - Open Studio,Pole + Dance Studios
82,2022-05-17 19:15:00,Pole Foundations (Intro),Ivy Hawk (@ivy_hawk)
92,2022-05-17 18:0:00,Heels Choreography (Beg/Int),Autumn (@sexy.angsty.flow)
53,2022-05-17 16:45:00,Pole L2 (Beg/Int),Celia Ford (@celiadoespole)
40,2022-05-17 15:30:00,POLE SPACE - Open Studio,Pole + Dance Studios
73,2022-05-17 9:15:00,Pole Foundations (Intro),Cela (@cela.stial)
92,2022-05-17 7:30:00,Pole L3 (Int),Amy Bond (@amysunshine007)
87,2022-05-16 19:15:00,Pole Foundations (Intro),Maggie Morgan
34,2022-05-16 18:0:00,Pole L3 (Int),Celia Ford (@celiadoespole)
55,2022-05-16 16:45:00,Heels Choreography (Int/Adv),Amy Bond (@amysunshine007)
87,2022-05-16 15:30:00,POLE SPACE - Open Studio,Pole + Dance Studios
79,2022-05-15 15:0:00,Pole L2 (Beg/Int),Elizabeth Blanchard
8,2022-05-15 13:45:00,Handstands + Inversions with Elizabeth,Elizabeth Blanchard
74,2022-05-15 12:30:00,Pole Tricks Clinic (L2+) with Elizabeth,Elizabeth Blanchard
44,2022-05-15 11:15:00,Pole Handspring Clinic (L2+) with Elizabeth,Elizabeth Blanchard
1,2022-05-15 10:0:00,Pole L4 (Int/Adv) with Elizabeth,Elizabeth Blanchard
10,2022-05-14 15:30:00,Experimental Pole with Celia,Celia Ford (@celiadoespole)
36,2022-05-14 13:45:00,Pole Foundations (Intro),Sahra Aalaei (@happy__sahra)
57,2022-05-14 12:30:00,Pole L2 (Beg/Int),Fifi Bamboo (@fifibamboo)
13,2022-05-14 11:15:00,Heels Choreography (Beg/Int),Fifi Bamboo (@fifibamboo)
77,2022-05-14 10:0:00,Pole L3 (Int),Fifi Bamboo (@fifibamboo)
67,2022-05-13 18:15:00,Heels Choreography (Beg/Int),Kat Brousseau (@_katplay)
1,2022-05-13 17:0:00,Pole Foundations (Intro),Luiza Silva
47,2022-05-13 12:0:00,Pole Foundations (Intro),Cela (@cela.stial)
52,2022-05-12 18:0:00,Active Flexibility (All Levels),Mae Mae (@maesweetmae)
95,2022-05-12 16:45:00,Pole Foundations (Intro),Sahra Aalaei (@happy__sahra)
25,2022-05-12 15:30:00,POLE SPACE - Open Studio,Pole + Dance Studios
94,2022-05-11 19:15:00,Heels Choreography (Beg/Int),Alexis Whitaker (@alexis_spins)
97,2022-05-11 18:0:00,Pole Foundations (Intro),Alexis Whitaker (@alexis_spins)
34,2022-05-11 16:45:00,Pole Inversions Conditioning (All Levels),Celia Ford (@celiadoespole)
55,2022-05-11 15:30:00,POLE SPACE - Open Studio,Pole + Dance Studios
38,2022-05-08 13:45:00,Pole Foundations (Intro),Marguerite Bueno
45,2022-05-08 12:30:00,Heels Choreography (Beg/Int),Amy Bond (@amysunshine007)
2,2022-05-08 11:15:00,Active Flexibility (All Levels),Amy Bond (@amysunshine007)
71,2022-05-08 10:0:00,Pole L2 (Beg/Int),Maggie Morgan
87,2022-05-07 13:45:00,Pole Foundations (Intro),Sahra Aalaei (@happy__sahra)
95,2022-05-07 12:30:00,Pole L2 (Beg/Int),Fifi Bamboo (@fifibamboo)
49,2022-05-07 11:15:00,Heels Choreography (Beg/Int),Fifi Bamboo (@fifibamboo)
59,2022-05-07 10:0:00,Pole L3 (Int),Fifi Bamboo (@fifibamboo)
77,2022-05-06 18:15:00,Heels Choreography (Beg/Int),Kat Brousseau (@_katplay)
67,2022-05-06 17:0:00,Pole Foundations (Intro),Luiza Silva
26,2022-05-06 12:0:00,Pole Foundations (Intro),Cela (@cela.stial)
93,2022-05-05 19:15:00,Heels Choreography (Beg/Int),Mae Mae (@maesweetmae)
45,2022-05-05 18:0:00,Active Flexibility (All Levels),Mae Mae (@maesweetmae)
71,2022-05-05 16:45:00,Pole Foundations (Intro),Sahra Aalaei (@happy__sahra)
93,2022-05-05 15:30:00,POLE SPACE - Open Studio,Pole + Dance Studios
15,2022-05-04 19:15:00,Heels Choreography (Beg/Int),Fatima
21,2022-05-04 18:0:00,Pole Foundations (Intro),Fatima
69,2022-05-04 16:45:00,Pole Inversions Conditioning (All Levels),Celia Ford (@celiadoespole)
93,2022-05-04 15:30:00,POLE SPACE - Open Studio,Pole + Dance Studios
31,2022-05-01 13:45:00,Pole Foundations (Intro),Alexis Whitaker (@alexis_spins)
43,2022-05-01 10:0:00,Pole L2 (Beg/Int),Maggie Morgan
94,2022-04-30 13:45:00,Pole Foundations (Intro),Sahra Aalaei (@happy__sahra)
62,2022-04-30 12:30:00,Pole L2 (Beg/Int),Fifi Bamboo (@fifibamboo)
37,2022-04-30 11:15:00,Heels Choreography (Beg/Int),Fifi Bamboo (@fifibamboo)
87,2022-04-30 10:0:00,Pole L3 (Int),Fifi Bamboo (@fifibamboo)
9,2022-04-29 18:15:00,Heels Choreography (Beg/Int),Kat Brousseau (@_katplay)
52,2022-04-29 17:0:00,Pole Foundations (Intro),Luiza Silva
98,2022-04-29 12:0:00,Pole Foundations (Intro),Maggie Morgan
84,2022-04-28 19:15:00,Heels Choreography (Beg/Int),Mae Mae (@maesweetmae)
56,2022-04-28 18:0:00,Active Flexibility (All Levels),Mae Mae (@maesweetmae)
86,2022-04-28 16:45:00,Pole Foundations (Intro),Sahra Aalaei (@happy__sahra)
5,2022-04-28 15:30:00,POLE SPACE - Open Studio,Pole + Dance Studios
25,2022-04-27 19:15:00,Heels Choreography (Beg/Int),Remi (@velveetaqueen)
53,2022-04-27 18:0:00,Pole Foundations (Intro),Remi (@velveetaqueen)
26,2022-04-27 16:45:00,Pole Inversions Conditioning (All Levels),Celia Ford (@celiadoespole)
15,2022-04-27 15:30:00,POLE SPACE - Open Studio,Pole + Dance Studios
57,2022-04-26 19:15:00,Pole Foundations (Intro),Roz (@roz.glows)
28,2022-04-26 18:0:00,Heels Choreography (Beg/Int),Autumn (@sexy.angsty.flow)
89,2022-04-26 16:45:00,Pole L2 (Beg/Int),Fifi Bamboo (@fifibamboo)
54,2022-04-26 15:30:00,POLE SPACE - Open Studio,Pole + Dance Studios
31,2022-04-26 9:15:00,Pole Foundations (Intro),Sahra Aalaei (@happy__sahra)
69,2022-04-26 7:30:00,Pole L3 (Int),Amy Bond (@amysunshine007)
52,2022-04-25 19:15:00,Pole Foundations (Intro),Maggie Morgan
43,2022-04-25 18:0:00,Pole L3 (Int),Remi (@velveetaqueen)
10,2022-04-25 16:45:00,Heels Choreography (Int/Adv),Remi (@velveetaqueen)
18,2022-04-25 15:30:00,POLE SPACE - Open Studio,Pole + Dance Studios
67,2022-04-24 15:0:00,Pole L2 (Beg/Int),Elizabeth Blanchard
52,2022-04-24 13:45:00,Active Flexibility (All Levels),Elizabeth Blanchard
12,2022-04-24 12:30:00,Pole Tricks Clinic (L2+),Elizabeth Blanchard
46,2022-04-24 11:15:00,Pole Handspring Clinic (L2+),Elizabeth Blanchard
39,2022-04-24 10:0:00,Pole L4 (Int/Adv),Elizabeth Blanchard
41,2022-04-23 13:45:00,Pole Foundations (Intro),Sahra Aalaei (@happy__sahra)
77,2022-04-23 12:30:00,Pole L2 (Beg/Int),Sahra Aalaei (@happy__sahra)
32,2022-04-23 11:15:00,Heels Choreography (Beg/Int),Fifi Bamboo (@fifibamboo)
58,2022-04-23 10:0:00,Pole L3 (Int),Fifi Bamboo (@fifibamboo)
83,2022-04-22 19:30:00,Moody Booty with Alexis,Alexis Whitaker (@alexis_spins)
1,2022-04-22 18:15:00,Heels Choreography (Beg/Int),Kat Brousseau (@_katplay)
31,2022-04-22 17:0:00,Pole Foundations (Intro),Luiza Silva
86,2022-04-22 12:0:00,Pole Foundations (Intro),Alexis Whitaker (@alexis_spins)
15,2022-04-21 19:15:00,Heels Choreography (Beg/Int),Alexis Whitaker (@alexis_spins)
52,2022-04-21 18:0:00,Active Flexibility (All Levels),Shiki Wang (@flexiflowy)
83,2022-04-21 16:45:00,Pole Foundations (Intro),Sahra Aalaei (@happy__sahra)
33,2022-04-21 15:30:00,POLE SPACE - Open Studio,Pole + Dance Studios
33,2022-04-20 19:15:00,Heels Choreography (Beg/Int),Fatima
83,2022-04-20 18:0:00,Pole Foundations (Intro),Fatima
76,2022-04-20 16:45:00,Pole Inversions Conditioning (All Levels),Joshuah Aurora Ciafardone
50,2022-04-20 15:30:00,POLE SPACE - Open Studio,Pole + Dance Studios
33,2022-04-19 19:15:00,Pole Foundations (Intro),Roz (@roz.glows)
10,2022-04-19 18:0:00,Heels Choreography (Beg/Int),Autumn (@sexy.angsty.flow)
1,2022-04-19 16:45:00,Pole L2 (Beg/Int),Celia Ford (@celiadoespole)
42,2022-04-19 15:30:00,POLE SPACE - Open Studio,Pole + Dance Studios
26,2022-04-19 9:15:00,Pole Foundations (Intro),Cela (@cela.stial)
3,2022-04-18 19:15:00,Pole Foundations (Intro),Maggie Morgan
7,2022-04-18 18:0:00,Pole L3 (Int),Yoko (@yokotaketani929)
58,2022-04-18 16:45:00,Heels Choreography (Int/Adv),Yoko (@yokotaketani929)
5,2022-04-18 15:30:00,POLE SPACE - Open Studio,Pole + Dance Studios
13,2022-04-17 10:0:00,Pole L2 (Beg/Int),Maggie Morgan
35,2022-04-16 13:45:00,Pole Foundations (Intro),Sahra Aalaei (@happy__sahra)
72,2022-04-16 12:30:00,Pole L2 (Beg/Int),Fifi Bamboo (@fifibamboo)
89,2022-04-16 11:15:00,Heels Choreography (Beg/Int),Fifi Bamboo (@fifibamboo)
36,2022-04-16 10:0:00,Pole Foundations (Intro),Fifi Bamboo (@fifibamboo)
90,2022-04-15 18:15:00,Heels Choreography (Beg/Int),Kat Brousseau (@_katplay)
92,2022-04-15 17:0:00,Pole Foundations (Intro),Luiza Silva
67,2022-04-15 12:0:00,Pole Foundations (Intro),Cela (@cela.stial)
66,2022-04-14 19:15:00,Heels Choreography (Beg/Int),Mae Mae (@maesweetmae)
60,2022-04-14 18:0:00,Active Flexibility (All Levels),Mae Mae (@maesweetmae)
17,2022-04-14 16:45:00,Pole Foundations (Intro),Sahra Aalaei (@happy__sahra)
17,2022-04-14 15:30:00,POLE SPACE - Open Studio,Pole + Dance Studios
66,2022-04-13 19:15:00,Heels Choreography (Beg/Int),Remi (@velveetaqueen)
36,2022-04-13 18:0:00,Pole Foundations (Intro),Remi (@velveetaqueen)
96,2022-04-13 16:45:00,Pole Inversions Conditioning (All Levels),Celia Ford (@celiadoespole)
22,2022-04-13 15:30:00,POLE SPACE - Open Studio,Pole + Dance Studios
90,2022-04-12 19:15:00,Pole Foundations (Intro),Roz (@roz.glows)
23,2022-04-12 18:0:00,Heels Choreography (Beg/Int),Autumn (@sexy.angsty.flow)
76,2022-04-12 16:45:00,Pole L2 (Beg/Int),Celia Ford (@celiadoespole)
82,2022-04-12 15:30:00,POLE SPACE - Open Studio,Pole + Dance Studios
85,2022-04-12 9:15:00,Pole Foundations (Intro),Cela (@cela.stial)
74,2022-04-11 19:15:00,Pole Foundations (Intro),Maggie Morgan
92,2022-04-11 18:0:00,Pole L3 (Int),Yoko (@yokotaketani929)
14,2022-04-11 16:45:00,Heels Choreography (Int/Adv),Yoko (@yokotaketani929)
32,2022-04-10 13:45:00,Pole Foundations (Intro),Marguerite Bueno
83,2022-04-10 11:15:00,Pole Foundations (Intro),Crystal Cheung
4,2022-04-10 10:0:00,Pole L2 (Beg/Int),Maggie Morgan
3,2022-04-09 13:45:00,Pole Foundations (Intro),Sahra Aalaei (@happy__sahra)
26,2022-04-09 12:30:00,Pole L2 (Beg/Int),Fifi Bamboo (@fifibamboo)
90,2022-04-09 11:15:00,Heels Choreography (Beg/Int),Fifi Bamboo (@fifibamboo)
90,2022-04-09 10:0:00,Pole Foundations (Intro),Fifi Bamboo (@fifibamboo)
44,2022-04-08 18:15:00,Heels Choreography (Beg/Int),Kat Brousseau (@_katplay)
49,2022-04-08 17:0:00,Pole Foundations (Intro),Fifi Bamboo (@fifibamboo)
48,2022-04-08 12:0:00,Pole Foundations (Intro),Cela (@cela.stial)
92,2022-04-07 19:15:00,Heels Choreography (Beg/Int),Mae Mae (@maesweetmae)
62,2022-04-07 18:0:00,Active Flexibility (All Levels),Mae Mae (@maesweetmae)
77,2022-04-07 16:45:00,Pole Foundations (Intro),Sahra Aalaei (@happy__sahra)
3,2022-04-07 15:30:00,POLE SPACE - Open Studio,Pole + Dance Studios
36,2022-04-06 19:15:00,Heels Choreography (Beg/Int),Fatima
58,2022-04-06 18:0:00,Pole Foundations (Intro),Fatima
5,2022-04-06 15:30:00,POLE SPACE - Open Studio,Pole + Dance Studios
2,2022-04-05 19:15:00,Pole Foundations (Intro),Roz (@roz.glows)
72,2022-04-05 18:0:00,Heels Choreography (Beg/Int),Autumn (@sexy.angsty.flow)
53,2022-04-05 16:45:00,Pole L2 (Beg/Int),Celia Ford (@celiadoespole)
43,2022-04-05 15:30:00,POLE SPACE - Open Studio,Pole + Dance Studios
34,2022-04-05 9:15:00,Pole Foundations (Intro),Marguerite Bueno
42,2022-04-04 19:15:00,Pole Foundations (Intro),Maggie Morgan
59,2022-04-04 18:0:00,Pole L3 (Int),Yoko (@yokotaketani929)
89,2022-04-04 16:45:00,Heels Choreography (Int/Adv),Yoko (@yokotaketani929)
67,2022-04-04 15:30:00,POLE SPACE - Open Studio,Pole + Dance Studios
35,2022-04-03 13:45:00,Pole Foundations (Intro),Marguerite Bueno
80,2022-04-03 12:30:00,Heels Choreography (Beg/Int),Amy Bond (@amysunshine007)
68,2022-04-03 11:15:00,Pole Foundations (Intro),Crystal Cheung
79,2022-04-03 10:0:00,Pole L2 (Beg/Int),Maggie Morgan
68,2022-04-02 15:30:00,Experimental Pole,Celia Ford (@celiadoespole)
26,2022-04-02 13:45:00,Pole Foundations (Intro),Sahra Aalaei (@happy__sahra)
43,2022-04-02 12:30:00,Pole L2 (Beg/Int),Fifi Bamboo (@fifibamboo)
67,2022-04-02 11:15:00,Heels Choreography (Beg/Int),Fifi Bamboo (@fifibamboo)
37,2022-04-02 10:0:00,Pole Foundations (Intro),Fifi Bamboo (@fifibamboo)
45,2022-04-01 18:15:00,Heels Choreography (Beg/Int),Kat Brousseau (@_katplay)
100,2022-04-01 17:0:00,Pole Foundations (Intro),Luiza Silva
2,2022-04-01 12:0:00,Pole Foundations (Intro),Cela (@cela.stial)
79,2022-03-31 19:15:00,Heels Choreography (Beg/Int),Mae Mae (@maesweetmae)
46,2022-03-31 18:0:00,Active Flexibility (All Levels),Mae Mae (@maesweetmae)
43,2022-03-31 16:45:00,Pole Foundations (Intro),Sahra Aalaei (@happy__sahra)
67,2022-03-31 15:30:00,POLE SPACE - Open Studio,Pole + Dance Studios
28,2022-03-30 19:15:00,Heels Choreography (Beg/Int),Fatima
5,2022-03-30 18:0:00,Pole Foundations (Intro),Fatima
3,2022-03-30 16:45:00,Pole Inversions Conditioning (All Levels),Celia Ford (@celiadoespole)
2,2022-03-30 15:30:00,POLE SPACE - Open Studio,Pole + Dance Studios
75,2022-03-29 19:15:00,Pole Foundations (Intro),Roz (@roz.glows)
83,2022-03-29 18:0:00,Heels Choreography (Beg/Int),Autumn (@sexy.angsty.flow)
89,2022-03-29 16:45:00,Pole L2 (Beg/Int),Celia Ford (@celiadoespole)
5,2022-03-29 15:30:00,POLE SPACE - Open Studio,Pole + Dance Studios
7,2022-03-29 9:15:00,Pole Foundations (Intro),Cela (@cela.stial)
73,2022-03-29 7:30:00,Pole L2 (Beg/Int),Celia Ford (@celiadoespole)
23,2022-03-28 19:15:00,Pole Foundations (Intro),Maggie Morgan
24,2022-03-28 18:0:00,Pole L3 (Int),Fifi Bamboo (@fifibamboo)
75,2022-03-28 16:45:00,Heels Choreography (Int/Adv),Fifi Bamboo (@fifibamboo)
47,2022-03-28 15:30:00,POLE SPACE - Open Studio,Pole + Dance Studios
81,2022-03-25 18:15:00,Heels Choreography (Beg/Int),Kat Brousseau (@_katplay)
62,2022-03-25 17:0:00,Pole Foundations (Intro),Tiffany Rose Mockler (@tiffanyrosepoledancer)
20,2022-03-25 12:0:00,Pole Foundations (Intro),Cela (@cela.stial)
96,2022-03-24 19:15:00,Heels Choreography (Beg/Int),Fifi Bamboo (@fifibamboo)
55,2022-03-24 18:0:00,Active Flexibility (All Levels),Fifi Bamboo (@fifibamboo)
17,2022-03-24 16:45:00,Pole Foundations (Intro),Erin Minus Fifi Bamboo (@fifibamboo)
8,2022-03-24 15:30:00,POLE SPACE - Open Studio,Pole + Dance Studios
38,2022-03-23 19:15:00,Heels Choreography (Beg/Int),Fatima
6,2022-03-23 18:0:00,Pole Foundations (Intro),Fatima
12,2022-03-23 16:45:00,Pole Inversions Conditioning (All Levels),Celia Ford (@celiadoespole)
27,2022-03-23 15:30:00,POLE SPACE - Open Studio,Pole + Dance Studios
41,2022-03-22 19:15:00,Pole Foundations (Intro),Roz (@roz.glows)
96,2022-03-22 18:0:00,Heels Choreography (Beg/Int),Autumn (@sexy.angsty.flow)
62,2022-03-22 16:45:00,Pole L2 (Beg/Int),Celia Ford (@celiadoespole)
34,2022-03-22 15:30:00,POLE SPACE - Open Studio,Pole + Dance Studios
72,2022-03-22 9:15:00,Pole Foundations (Intro),Alexis Whitaker (@alexis_spins)
47,2022-03-22 7:30:00,Pole L2 (Beg/Int),Amy Bond (@amysunshine007)
60,2022-03-21 19:15:00,Pole Foundations (Intro),Maggie Morgan
21,2022-03-21 18:0:00,Pole L3 (Int),Yoko (@yokotaketani929)
68,2022-03-21 16:45:00,Heels Choreography (Beg/Int),Yoko (@yokotaketani929)
59,2022-03-21 15:30:00,POLE SPACE - Open Studio,Pole + Dance Studios
8,2022-03-20 15:0:00,Pole L2 (Beg/Int),Elizabeth Blanchard
96,2022-03-20 13:45:00,Active Flexibility (All Levels),Elizabeth Blanchard
20,2022-03-20 12:30:00,Pole Tricks Clinic (L2+),Elizabeth Blanchard
87,2022-03-20 11:15:00,Pole Handspring Clinic (L2+),Elizabeth Blanchard
55,2022-03-20 10:0:00,Pole L4 (Int/Adv),Elizabeth Blanchard
73,2022-03-19 13:45:00,Pole Foundations (Intro),Marguerite Bueno
73,2022-03-19 12:30:00,Pole L2 (Beg/Int),Remi (@velveetaqueen)
90,2022-03-19 11:15:00,Heels Choreography (Beg/Int),Remi (@velveetaqueen)
12,2022-03-19 10:0:00,Pole Foundations (Intro),Remi (@velveetaqueen)
88,2022-03-18 18:15:00,Heels Choreography (Beg/Int),Kat Brousseau (@_katplay)
6,2022-03-18 17:0:00,Pole Foundations (Intro),Luiza Silva
93,2022-03-18 12:0:00,Pole Foundations (Intro),Cela (@cela.stial)
47,2022-03-17 19:15:00,Heels Choreography (Beg/Int),Lucy
20,2022-03-17 18:0:00,Active Flexibility (All Levels),Amy Bond (@amysunshine007)
21,2022-03-17 16:45:00,Pole Foundations (Intro),Sahra Aalaei (@happy__sahra)
13,2022-03-17 15:30:00,POLE SPACE - Open Studio,Pole + Dance Studios
59,2022-03-16 19:15:00,Heels Choreography (Beg/Int),Fatima
84,2022-03-16 18:0:00,Pole Foundations (Intro),Fatima
64,2022-03-16 16:45:00,Pole Inversions Conditioning (All Levels),Celia Ford (@celiadoespole)
74,2022-03-16 15:30:00,POLE SPACE - Open Studio,Pole + Dance Studios
10,2022-03-15 19:15:00,Pole Foundations (Intro),Roz (@roz.glows)
48,2022-03-15 18:0:00,Heels Choreography (Beg/Int),Autumn (@sexy.angsty.flow)
13,2022-03-15 16:45:00,Pole L2 (Beg/Int),Celia Ford (@celiadoespole)
88,2022-03-15 15:30:00,POLE SPACE - Open Studio,Pole + Dance Studios
2,2022-03-15 9:15:00,Pole Foundations (Intro),Cela (@cela.stial)
52,2022-03-15 7:30:00,Pole L2 (Beg/Int),Amy Bond (@amysunshine007)
37,2022-03-14 19:15:00,Pole Foundations (Intro),Maggie Morgan
59,2022-03-14 18:0:00,Pole L3 (Int),Yoko (@yokotaketani929)
51,2022-03-14 16:45:00,Heels Choreography (Beg/Int),Yoko (@yokotaketani929)
15,2022-03-14 15:30:00,POLE SPACE - Open Studio,Pole + Dance Studios
59,2022-03-13 13:45:00,Pole Foundations (Intro),Marguerite Bueno
75,2022-03-13 12:30:00,Heels Choreography (Beg/Int),Autumn (@sexy.angsty.flow)
61,2022-03-13 11:15:00,Pole Foundations (Intro),Marguerite Bueno
69,2022-03-13 10:0:00,Pole L2 (Beg/Int),Maggie Morgan
64,2022-03-12 13:45:00,Pole Foundations (Intro),Sahra Aalaei (@happy__sahra)
51,2022-03-12 12:30:00,Pole L2 (Beg/Int),Remi (@velveetaqueen)
99,2022-03-12 11:15:00,Heels Choreography (Beg/Int),Remi (@velveetaqueen)
21,2022-03-12 10:0:00,Pole Foundations (Intro),Judy (TT) Remi (@velveetaqueen)
38,2022-03-11 18:15:00,Heels Choreography (Beg/Int),Kat Brousseau (@_katplay)
22,2022-03-11 17:0:00,Pole Foundations (Intro),Luiza Silva
60,2022-03-11 12:0:00,Pole Foundations (Intro),Cela (@cela.stial)
94,2022-03-10 19:15:00,Heels Choreography (Beg/Int),Mae Mae (@maesweetmae)
95,2022-03-10 18:0:00,Active Flexibility (All Levels),Mae Mae (@maesweetmae)
35,2022-03-10 16:45:00,Pole Foundations (Intro),Sahra Aalaei (@happy__sahra)
13,2022-03-10 15:30:00,POLE SPACE - Open Studio,Pole + Dance Studios
27,2022-03-09 19:15:00,Heels Choreography (Beg/Int),Fatima
72,2022-03-09 18:0:00,Pole Foundations (Intro),Fatima
22,2022-03-09 16:45:00,Pole Inversions Conditioning (All Levels),Celia Ford (@celiadoespole)
97,2022-03-08 19:15:00,Pole Foundations (Intro),Roz (@roz.glows)
68,2022-03-08 18:0:00,Heels Choreography (Beg/Int),Autumn (@sexy.angsty.flow)
38,2022-03-08 16:45:00,Pole L2 (Beg/Int),Celia Ford (@celiadoespole)
53,2022-03-08 15:30:00,POLE SPACE - Open Studio,Pole + Dance Studios
75,2022-03-08 9:15:00,Pole Foundations (Intro),Cela (@cela.stial)
69,2022-03-08 7:30:00,Pole L2 (Beg/Int),Amy Bond (@amysunshine007)
58,2022-03-07 19:15:00,Pole Foundations (Intro),Maggie Morgan
11,2022-03-07 18:0:00,Pole L3 (Int),Yoko (@yokotaketani929)
79,2022-03-07 16:45:00,Heels Choreography (Beg/Int),Yoko (@yokotaketani929)
62,2022-03-07 15:30:00,POLE SPACE - Open Studio,Pole + Dance Studios
11,2022-03-06 13:45:00,Pole Foundations (Intro),Marguerite Bueno
77,2022-03-06 12:30:00,Heels Choreography (Beg/Int),Autumn (@sexy.angsty.flow)
44,2022-03-06 11:15:00,Pole Foundations (Intro),Autumn (@sexy.angsty.flow)
31,2022-03-06 10:0:00,Pole L2 (Beg/Int),Maggie Morgan
13,2022-03-05 13:45:00,Pole Foundations (Intro),Sahra Aalaei (@happy__sahra)
7,2022-03-05 12:30:00,Pole L2 (Beg/Int),Remi (@velveetaqueen)
58,2022-03-05 11:15:00,Heels Choreography (Beg/Int),Fifi Bamboo (@fifibamboo)
69,2022-03-05 10:0:00,Pole Foundations (Intro),Fifi Bamboo (@fifibamboo)
60,2022-03-04 18:15:00,Heels Choreography (Beg/Int),Kat Brousseau (@_katplay)
40,2022-03-04 17:0:00,Pole Foundations (Intro),Luiza Silva
100,2022-03-04 12:0:00,Pole Foundations (Intro),Cela (@cela.stial)
65,2022-03-03 19:15:00,Heels Choreography (Beg/Int),Keeva Shae (@keevashae)
40,2022-03-03 18:0:00,Active Flexibility (All Levels),Andrea Brewer
6,2022-03-03 16:45:00,Pole Foundations (Intro),Sahra Aalaei (@happy__sahra)
52,2022-03-03 15:30:00,POLE SPACE - Open Studio,Pole + Dance Studios
27,2022-03-02 19:15:00,Heels Choreography (Beg/Int),Remi (@velveetaqueen)
78,2022-03-02 18:0:00,Pole Foundations (Intro),Remi (@velveetaqueen)
7,2022-03-02 16:45:00,Pole Inversions Conditioning (All Levels),Remi (@velveetaqueen)
90,2022-03-02 15:30:00,POLE SPACE - Open Studio,Pole + Dance Studios
69,2022-03-01 19:15:00,Pole Foundations (Intro),Roz (@roz.glows)
27,2022-03-01 18:0:00,Heels Choreography (Beg/Int),Autumn (@sexy.angsty.flow)
78,2022-03-01 16:45:00,Pole L2 (Beg/Int),Maggie Morgan
47,2022-03-01 15:30:00,POLE SPACE - Open Studio,Pole + Dance Studios
22,2022-03-01 9:15:00,Pole Foundations (Intro),Cela (@cela.stial)
7,2022-03-01 7:30:00,Pole L2 (Beg/Int),Amy Bond (@amysunshine007)
93,2022-02-28 19:15:00,Pole Foundations (Intro),Maggie Morgan
66,2022-02-28 18:0:00,Pole L3 (Int),Yoko (@yokotaketani929)
71,2022-02-28 16:45:00,Heels Choreography (Beg/Int),Yoko (@yokotaketani929)
8,2022-02-28 15:30:00,POLE SPACE - Open Studio,Pole + Dance Studios
40,2022-02-27 13:45:00,Pole Foundations (Intro),Marguerite Bueno
4,2022-02-27 12:30:00,Heels Choreography (Beg/Int),Autumn (@sexy.angsty.flow)
85,2022-02-27 11:15:00,Pole Foundations (Intro),Autumn (@sexy.angsty.flow)
46,2022-02-27 10:0:00,Pole L2 (Beg/Int),Maggie Morgan
64,2022-02-26 13:45:00,Pole Foundations (Intro),Fifi Bamboo (@fifibamboo)
73,2022-02-26 12:30:00,Pole L2 (Beg/Int),Fifi Bamboo (@fifibamboo)
76,2022-02-26 11:15:00,Heels Choreography (Beg/Int),Fifi Bamboo (@fifibamboo)
86,2022-02-26 10:0:00,Pole Foundations (Intro),Fifi Bamboo (@fifibamboo)
98,2022-02-25 18:15:00,Heels Choreography (Beg/Int),Amy Bond (@amysunshine007) Fifi Bamboo (@fifibamboo)
15,2022-02-25 17:0:00,Pole Foundations (Intro),Luiza Silva
16,2022-02-25 12:0:00,Pole Foundations (Intro),Cela (@cela.stial)
66,2022-02-24 19:15:00,Heels Choreography (Beg/Int),Autumn (@sexy.angsty.flow)
75,2022-02-24 18:0:00,Active Flexibility (All Levels),Andrea Brewer
19,2022-02-24 16:45:00,Pole Foundations (Intro),Sahra Aalaei (@happy__sahra)
69,2022-02-24 15:30:00,POLE SPACE - Open Studio,Pole + Dance Studios
69,2022-02-23 19:15:00,Heels Choreography (Beg/Int),Remi (@velveetaqueen)
84,2022-02-23 18:0:00,Pole Foundations (Intro),Remi (@velveetaqueen)
91,2022-02-23 16:45:00,Pole Inversions Conditioning (All Levels),Celia Ford (@celiadoespole)
70,2022-02-23 15:30:00,POLE SPACE - Open Studio,Pole + Dance Studios
11,2022-02-22 19:15:00,Pole Foundations (Intro),Roz (@roz.glows)
37,2022-02-22 18:0:00,Heels Choreography (Beg/Int),Autumn (@sexy.angsty.flow)
55,2022-02-22 16:45:00,Pole L2 (Beg/Int),Celia Ford (@celiadoespole)
88,2022-02-22 15:30:00,POLE SPACE - Open Studio,Pole + Dance Studios
75,2022-02-22 9:15:00,Pole Foundations (Intro),Cela (@cela.stial)
20,2022-02-22 7:30:00,Pole L2 (Beg/Int),Amy Bond (@amysunshine007)
75,2022-02-21 19:15:00,Pole Foundations (Intro),Maggie Morgan
96,2022-02-21 18:0:00,Pole L3 (Int),Yoko (@yokotaketani929)
58,2022-02-21 16:45:00,Heels Choreography (Beg/Int),Yoko (@yokotaketani929)
8,2022-02-21 15:30:00,POLE SPACE - Open Studio,Pole + Dance Studios
23,2022-02-20 13:45:00,Pole Foundations (Intro),Sahra Aalaei (@happy__sahra)
2,2022-02-20 12:30:00,Heels Choreography (Beg/Int),Remi (@velveetaqueen)
20,2022-02-20 11:15:00,Pole Foundations (Intro),Sahra Aalaei (@happy__sahra)
100,2022-02-20 10:0:00,Pole L2 (Beg/Int),Maggie Morgan
2,2022-02-19 13:45:00,Pole Foundations (Intro),Sahra Aalaei (@happy__sahra)
29,2022-02-19 12:30:00,Pole L2 (Beg/Int),Fifi Bamboo (@fifibamboo)
34,2022-02-19 11:15:00,Heels Choreography (Beg/Int),Fifi Bamboo (@fifibamboo)
52,2022-02-19 10:0:00,Pole Foundations (Intro),Fifi Bamboo (@fifibamboo)
69,2022-02-18 18:15:00,Heels Choreography (Beg/Int),Amy Bond (@amysunshine007) Fifi Bamboo (@fifibamboo)
71,2022-02-18 17:0:00,Pole Foundations (Intro),Luiza Silva
75,2022-02-18 12:0:00,Pole Foundations (Intro),Cela (@cela.stial)
68,2022-02-17 19:15:00,Heels Choreography (Beg/Int),Mae Mae (@maesweetmae)
58,2022-02-17 18:0:00,Active Flexibility (All Levels),Mae Mae (@maesweetmae)
54,2022-02-17 16:45:00,Pole Foundations (Intro),Sahra Aalaei (@happy__sahra)
30,2022-02-17 15:30:00,POLE SPACE - Open Studio,Pole + Dance Studios
20,2022-02-16 19:15:00,Heels Choreography (Beg/Int),Remi (@velveetaqueen)
20,2022-02-16 18:0:00,Pole Foundations (Intro),Alexis Whitaker (@alexis_spins)
57,2022-02-16 16:45:00,Pole Inversions Conditioning (All Levels),Celia Ford (@celiadoespole)
75,2022-02-16 15:30:00,POLE SPACE - Open Studio,Pole + Dance Studios
20,2022-02-15 19:15:00,Pole Foundations (Intro),Roz (@roz.glows)
19,2022-02-15 18:0:00,Heels Choreography (Beg/Int),Autumn (@sexy.angsty.flow)
6,2022-02-15 16:45:00,Pole L2 (Beg/Int),Celia Ford (@celiadoespole)
62,2022-02-15 15:30:00,POLE SPACE - Open Studio,Pole + Dance Studios
40,2022-02-15 9:15:00,Pole Foundations (Intro),Sahra Aalaei (@happy__sahra)
71,2022-02-15 7:30:00,Pole L2 (Beg/Int),Amy Bond (@amysunshine007)
24,2022-02-14 19:15:00,Pole Foundations (Intro),Alexis Whitaker (@alexis_spins)
3,2022-02-14 18:0:00,Pole L3 (Int),Yoko (@yokotaketani929)
76,2022-02-14 16:45:00,Heels Choreography (Beg/Int),Yoko (@yokotaketani929)
47,2022-02-14 15:30:00,POLE SPACE - Open Studio,Pole + Dance Studios
71,2022-02-13 15:0:00,Pole L2 (Beg/Int),Elizabeth Blanchard
57,2022-02-13 13:45:00,Active Flexibility (All Levels),Elizabeth Blanchard
11,2022-02-13 12:30:00,Pole Tricks Clinic (L2+),Elizabeth Blanchard
37,2022-02-13 11:15:00,Pole Handspring Clinic (L2+),Elizabeth Blanchard
48,2022-02-13 10:0:00,Pole L4 (Int/Adv),Elizabeth Blanchard
82,2022-02-12 13:45:00,Pole Foundations (Intro),Sahra Aalaei (@happy__sahra)
96,2022-02-12 12:30:00,Pole L2 (Beg/Int),Fifi Bamboo (@fifibamboo)
92,2022-02-12 11:15:00,Heels Choreography (Beg/Int),Fifi Bamboo (@fifibamboo)
96,2022-02-12 10:0:00,Pole Foundations (Intro),Fifi Bamboo (@fifibamboo)
78,2022-02-11 18:15:00,Heels Choreography (Beg/Int),Amy Bond (@amysunshine007) Fifi Bamboo (@fifibamboo)
59,2022-02-11 17:0:00,Pole Foundations (Intro),Luiza Silva
64,2022-02-11 12:0:00,Pole Foundations (Intro),Cela (@cela.stial)
7,2022-02-10 19:15:00,Heels Choreography (Beg/Int),Mae Mae (@maesweetmae)
57,2022-02-10 18:0:00,Active Flexibility (All Levels),Mae Mae (@maesweetmae)
25,2022-02-10 16:45:00,Pole Foundations (Intro),Sahra Aalaei (@happy__sahra)
39,2022-02-10 8:30:00,Pole Inversions Conditioning (All Levels),Mae Mae (@maesweetmae)
38,2022-02-09 19:15:00,Heels Choreography (Beg/Int),Fatima
7,2022-02-09 18:0:00,Pole Foundations (Intro),Fatima
82,2022-02-09 16:45:00,Pole Inversions Conditioning (All Levels),Celia Ford (@celiadoespole)
94,2022-02-09 8:30:00,Pole Foundations (Intro),Mae Mae (@maesweetmae)
50,2022-02-08 19:15:00,Pole Foundations (Intro),Roz (@roz.glows)
48,2022-02-08 18:0:00,Heels Choreography (Beg/Int),Autumn (@sexy.angsty.flow)
98,2022-02-08 16:45:00,Pole L2 (Beg/Int),Celia Ford (@celiadoespole)
62,2022-02-08 9:15:00,Pole Foundations (Intro),Cela (@cela.stial)
97,2022-02-08 7:30:00,Pole L2 (Beg/Int),Amy Bond (@amysunshine007)
47,2022-02-07 19:15:00,Pole Foundations (Intro),Sahra Aalaei (@happy__sahra)
100,2022-02-07 18:0:00,Pole L3 (Int),Yoko (@yokotaketani929)
44,2022-02-07 16:45:00,Heels Choreography (Beg/Int),Yoko (@yokotaketani929)
40,2022-02-06 15:0:00,Pole L2 (Beg/Int),Elizabeth Blanchard
99,2022-02-06 13:45:00,Pole Foundations (Intro),Joanna Animal (@joannaanimal)
44,2022-02-06 12:30:00,Heels Choreography (Beg/Int),Autumn (@sexy.angsty.flow)
5,2022-02-06 11:15:00,Pole Foundations (Intro),Autumn (@sexy.angsty.flow)
12,2022-02-06 10:0:00,Pole L2 (Beg/Int),Maggie Morgan
26,2022-02-05 13:45:00,Pole Foundations (Intro),Fifi Bamboo (@fifibamboo)
86,2022-02-05 12:30:00,Pole L2 (Beg/Int),Fifi Bamboo (@fifibamboo)